user_id,movie_id,rating
0,60,4
0,28,1
0,25,1
0,104,1
0,58,5
0,44,3
0,39,5
0,105,3
0,101,2
0,29,1
0,118,3
0,3,1
0,84,2
0,24,1
0,51,2
0,42,4
0,35,1
0,8,1
0,98,5
0,103,2
0,114,1
0,82,2
0,65,5
0,112,5
0,86,2
0,68,1
0,116,4
0,108,1
0,14,5
0,33,1
0,22,4
0,74,1
0,90,2
0,4,5
0,13,5
0,76,5
0,55,1
0,99,5
0,40,5
0,83,5
0,77,4
0,97,5
1,49,5
1,115,5
1,73,4
1,24,5
1,32,5
1,5,5
1,90,5
1,55,2
1,0,3
1,66,5
1,118,4
1,103,5
1,68,5
1,87,3
1,92,5
1,94,5
1,85,5
1,25,4
2,55,5
2,8,2
2,85,5
2,42,5
2,79,1
2,40,5
2,84,3
2,108,5
2,15,4
2,92,5
2,38,5
2,64,4
2,39,2
2,117,5
2,52,4
2,41,5
2,51,1
2,89,4
2,37,5
2,70,1
2,16,3
2,24,1
2,53,3
2,106,4
2,48,3
2,86,5
3,115,3
3,22,1
3,78,1
3,72,2
3,38,3
3,51,4
3,70,1
3,106,2
3,0,3
3,119,2
3,36,2
3,26,4
3,55,1
3,100,1
3,74,3
3,77,3
3,83,1
3,41,5
3,59,4
3,56,1
3,112,1
3,86,3
3,27,2
3,65,4
3,60,2
3,94,3
3,21,1
3,84,4
3,10,2
3,109,1
3,96,3
3,92,4
3,81,3
3,79,2
3,42,2
3,11,4
3,30,3
3,39,1
4,103,4
4,25,2
4,18,4
4,3,4
4,5,5
4,31,5
4,60,5
4,78,5
4,108,2
4,98,2
4,9,5
4,58,3
4,53,3
4,80,4
4,73,4
4,24,5
4,91,5
4,89,5
4,49,5
4,63,5
4,51,4
4,114,5
5,83,1
5,88,5
5,0,1
5,114,4
5,96,5
5,110,1
5,98,5
5,113,5
5,13,5
5,99,3
5,54,5
5,28,5
5,22,1
5,102,1
5,89,2
5,66,4
5,59,5
5,6,5
5,71,2
6,117,5
6,108,2
6,15,3
6,58,2
6,17,2
6,102,3
6,59,3
6,85,3
6,67,2
6,71,1
6,76,1
6,40,1
6,96,5
6,56,2
6,78,3
6,104,1
6,92,3
6,64,5
6,54,2
6,70,2
6,57,3
6,20,4
7,110,2
7,60,4
7,57,1
7,33,5
7,96,3
7,31,4
7,107,4
7,81,3
7,35,5
7,98,1
7,99,4
7,66,3
7,62,5
7,80,3
7,30,3
7,111,4
7,56,3
7,9,4
7,91,5
7,36,3
7,105,4
7,34,5
7,42,2
7,40,1
7,69,2
7,10,3
7,17,3
7,19,1
7,29,5
7,49,3
7,88,2
7,92,2
7,27,3
7,8,2
7,53,2
7,52,2
7,97,4
7,95,4
8,53,5
8,7,4
8,26,4
8,106,3
8,119,4
8,49,5
8,98,5
8,74,3
8,89,4
8,2,3
8,109,5
8,97,5
8,73,5
8,48,4
8,61,5
8,0,3
8,45,2
8,38,3
8,96,5
8,114,2
8,115,1
8,68,2
8,95,5
8,94,5
8,69,4
8,77,3
8,28,3
8,62,4
8,93,3
9,55,1
9,62,5
9,3,3
9,49,4
9,43,5
9,85,2
9,86,3
9,102,5
9,51,3
9,92,1
9,21,5
9,107,5
9,59,1
9,16,4
9,79,5
9,68,4
9,117,3
9,50,4
9,75,1
9,72,1
9,84,2
9,103,2
9,10,3
10,54,5
10,17,4
10,110,5
10,59,4
10,23,3
10,6,4
10,33,4
10,48,5
10,41,2
10,27,4
10,58,3
10,111,5
10,43,5
10,97,5
10,112,3
10,35,5
10,96,5
10,53,2
10,32,5
10,10,4
10,60,5
10,2,5
10,95,5
10,69,4
10,114,5
10,44,4
10,28,5
10,83,2
10,8,4
10,92,3
10,5,3
10,3,5
10,31,5
10,25,2
10,98,1
11,19,5
11,30,5
11,16,4
11,60,3
11,85,3
11,14,5
11,72,3
11,27,2
11,59,4
11,89,4
11,32,4
11,98,3
11,47,5
11,21,5
11,77,2
11,105,5
11,95,5
11,91,5
11,114,2
11,99,5
11,20,3
11,39,3
11,13,3
11,74,1
11,3,1
11,108,1
11,73,5
11,86,4
11,48,3
11,50,4
11,25,2
11,9,5
11,75,4
11,80,3
12,13,2
12,89,5
12,98,3
12,38,2
12,108,2
12,87,4
12,76,5
12,103,1
12,15,1
12,101,3
12,72,5
12,100,4
12,5,3
12,44,3
12,68,3
12,54,5
12,84,3
12,47,5
12,8,5
12,64,4
12,82,3
12,43,5
13,108,3
13,53,3
13,105,2
13,62,4
13,13,4
13,55,2
13,46,4
13,81,4
13,114,2
13,106,3
13,58,3
13,90,4
13,19,4
13,22,2
13,93,4
14,83,2
14,34,5
14,78,5
14,103,3
14,68,3
14,99,4
14,61,1
14,59,3
14,55,3
14,105,5
14,93,1
14,75,3
14,118,2
14,41,3
14,31,5
14,11,4
14,35,5
14,57,1
14,110,3
14,96,4
14,112,4
14,72,5
14,117,3
14,85,2
14,48,5
14,43,5
14,3,3
14,63,1
14,106,5
14,23,4
14,62,3
15,45,5
15,102,3
15,33,3
15,43,5
15,35,1
15,112,5
15,76,5
15,89,1
15,71,4
15,1,5
15,66,5
15,24,2
15,10,3
15,30,5
15,92,4
15,52,4
15,62,3
15,97,5
15,88,3
15,60,1
15,82,2
16,62,5
16,57,1
16,101,5
16,2,4
16,11,2
16,37,1
16,28,5
16,51,2
16,88,2
16,31,5
16,39,1
16,84,3
16,74,4
16,47,4
16,60,5
16,70,4
16,67,3
16,44,2
16,54,5
16,95,1
16,104,5
16,42,1
16,45,2
16,89,4
16,58,1
16,34,5
16,109,3
16,32,2
16,29,4
16,15,2
16,24,5
16,40,1
16,90,1
16,68,4
16,23,2
16,96,4
16,27,1
17,61,3
17,35,3
17,92,3
17,75,1
17,97,5
17,67,3
17,76,5
17,36,2
17,12,2
17,106,2
17,24,2
17,37,4
17,29,5
17,46,5
17,22,5
17,38,1
17,1,5
17,90,3
17,68,1
17,16,5
17,118,1
17,5,3
17,6,2
17,70,3
17,108,2
17,89,1
17,100,4
17,81,2
17,62,2
17,13,1
17,103,1
17,73,2
17,112,5
17,60,1
17,119,1
17,56,2
17,43,4
17,23,5
18,6,5
18,32,3
18,110,5
18,61,5
18,14,2
18,105,2
18,8,1
18,51,5
18,62,5
18,9,5
18,73,3
18,80,4
18,87,2
18,119,5
18,19,5
18,114,4
18,103,5
18,72,1
18,38,5
18,10,5
18,31,4
18,15,5
18,71,5
18,53,2
18,77,4
18,76,5
18,79,5
18,28,1
18,66,5
18,48,1
18,57,4
18,56,3
18,101,2
18,75,4
18,54,3
18,39,3
18,102,5
18,93,1
18,7,5
18,78,1
18,12,1
18,26,5
18,27,3
18,33,1
18,100,5
19,30,3
19,22,4
19,70,2
19,9,5
19,20,3
19,0,3
19,52,4
19,57,2
19,88,2
19,76,1
19,60,5
19,37,5
19,4,2
19,29,5
19,36,4
19,90,5
19,89,5
19,110,3
19,58,3
19,87,1
20,118,5
20,33,4
20,100,2
20,101,2
20,80,3
20,75,1
20,84,5
20,102,5
20,25,1
20,54,4
20,14,5
20,69,3
20,28,4
20,82,5
20,19,2
20,34,5
20,18,5
20,9,5
20,7,1
20,21,5
20,39,3
20,76,3
21,105,3
21,72,2
21,117,2
21,36,5
21,56,1
21,15,5
21,59,5
21,88,4
21,38,4
21,89,1
21,51,5
21,34,1
21,64,1
21,69,4
21,63,5
21,115,1
21,10,2
21,76,5
21,5,4
21,55,1
21,94,5
21,41,5
21,77,3
21,32,4
21,3,3
21,11,3
21,29,1
21,86,1
21,73,2
21,75,5
21,2,3
21,92,5
21,108,5
21,91,3
21,101,5
21,22,2
21,60,1
21,66,5
22,56,1
22,117,3
22,35,3
22,23,3
22,74,5
22,55,1
22,81,4
22,104,2
22,62,4
22,11,4
22,60,3
22,44,1
22,52,3
22,42,1
22,41,4
22,85,2
22,13,2
22,20,4
22,106,2
22,107,1
22,88,5
22,63,1
22,36,1
22,84,1
22,51,5
22,70,4
22,4,1
22,58,1
22,110,3
22,40,1
22,32,4
22,105,2
22,14,4
22,95,1
22,65,4
23,0,4
23,84,1
23,111,5
23,69,3
23,59,5
23,52,5
23,6,5
23,24,1
23,66,5
23,46,3
23,79,1
23,96,4
23,63,5
23,80,5
23,56,5
23,97,5
23,113,5
23,26,1
23,34,3
23,70,5
23,16,5
23,36,2
23,105,4
23,89,2
23,62,1
23,15,5
23,3,1
23,106,4
23,77,2
23,30,4
23,20,2
23,39,5
23,100,5
23,1,5
23,87,5
23,114,1
23,11,4
23,28,5
23,14,4
23,115,1
23,94,5
24,106,4
24,19,4
24,63,1
24,91,5
24,37,5
24,65,4
24,90,5
24,34,5
24,53,1
24,119,3
24,61,2
24,60,4
24,31,5
24,58,2
24,70,1
24,18,5
24,49,1
24,24,3
24,76,1
24,114,5
24,95,5
24,17,3
24,8,2
24,35,5
24,111,4
24,43,5
24,64,5
24,112,2
24,0,2
24,36,3
24,38,3
24,75,4
24,74,4
24,84,3
24,62,5
25,19,4
25,57,5
25,68,5
25,61,5
25,44,1
25,42,1
25,70,3
25,97,5
25,69,1
25,48,3
25,58,1
25,41,1
25,24,5
25,89,1
25,30,3
25,73,3
25,49,4
25,29,5
25,99,5
25,52,2
25,5,5
25,40,1
25,95,1
25,60,4
25,90,5
25,110,4
25,103,5
25,84,1
25,83,4
25,119,1
25,63,1
25,4,1
25,16,5
25,64,5
25,75,1
25,114,2
25,12,5
25,56,1
25,91,3
25,67,2
25,109,1
25,1,1
26,18,5
26,52,3
26,111,5
26,83,5
26,19,2
26,9,3
26,60,1
26,100,5
26,33,5
26,43,3
26,79,1
26,88,5
26,50,1
26,116,1
26,10,1
26,42,5
26,86,3
26,68,1
26,48,1
26,40,5
26,80,1
26,91,1
26,97,5
26,62,1
26,69,5
26,4,3
26,109,5
26,8,2
26,30,4
26,99,3
26,87,5
26,36,2
26,29,3
26,11,4
26,55,5
26,12,3
26,81,5
26,84,1
27,21,4
27,88,4
27,38,5
27,115,5
27,3,4
27,5,5
27,41,5
27,101,4
27,7,5
27,37,4
27,45,2
27,47,3
27,55,1
27,18,1
27,31,5
27,67,5
27,52,5
27,72,1
27,87,4
27,23,1
27,119,3
27,22,1
27,10,5
27,78,3
27,48,3
27,79,4
27,112,3
27,30,5
27,63,5
28,74,1
28,18,5
28,29,3
28,59,3
28,81,1
28,32,3
28,58,4
28,114,2
28,85,1
28,1,5
28,102,2
28,116,1
28,36,3
28,86,1
28,69,5
28,20,5
28,9,5
28,56,2
28,44,1
28,75,2
28,38,1
28,115,1
28,54,1
28,88,2
28,112,4
28,113,2
28,99,3
28,25,4
28,49,1
28,61,4
28,13,2
28,30,3
28,48,2
28,73,1
28,45,4
28,106,1
28,37,5
28,83,4
28,2,1
28,50,3
28,35,2
28,110,3
28,72,3
28,6,2
29,77,4
29,95,5
29,63,5
29,106,5
29,115,3
29,36,4
29,99,4
29,102,5
29,29,4
29,119,3
29,112,3
29,45,1
29,28,5
29,81,3
29,24,3
29,79,1
29,32,4
29,86,5
29,96,4
29,92,1
29,98,1
29,84,5
29,87,1
29,17,3
29,80,4
29,12,3
29,118,1
29,82,4
29,5,2
29,39,3
29,56,4
29,4,5
29,74,1
29,46,1
29,16,5
29,11,3
29,37,1
29,41,2
29,53,4
29,22,3
29,25,1
29,85,5
29,69,5
29,109,5
30,64,2
30,116,3
30,34,1
30,106,2
30,21,1
30,32,4
30,105,1
30,61,3
30,103,2
30,37,1
30,95,1
30,43,5
30,102,1
30,14,1
30,59,2
30,9,3
30,18,1
30,96,5
30,28,5
30,86,3
30,92,1
30,100,1
30,50,2
30,71,1
30,46,3
30,11,2
30,97,1
30,1,1
30,33,3
30,68,5
30,15,1
31,47,3
31,86,1
31,95,5
31,118,5
31,33,1
31,74,5
31,48,4
31,105,4
31,81,1
31,119,5
31,13,5
31,116,5
31,29,5
31,60,4
31,3,5
31,79,5
31,71,1
31,41,3
31,78,2
31,28,3
31,82,5
31,8,2
31,111,1
31,59,3
31,89,3
31,38,3
31,83,1
31,52,1
31,14,2
32,5,4
32,4,2
32,38,2
32,63,1
32,14,4
32,12,5
32,30,2
32,113,2
32,68,1
32,17,3
32,49,2
32,58,2
32,47,2
32,85,2
32,95,4
32,89,1
32,69,3
32,53,2
32,75,5
33,93,1
33,19,3
33,113,2
33,53,1
33,83,1
33,12,1
33,106,3
33,62,3
33,78,1
33,52,1
33,35,3
33,4,5
33,88,1
33,47,4
33,27,2
33,56,3
33,104,3
33,30,2
33,46,1
33,114,3
33,87,3
33,117,4
33,69,1
33,82,4
33,45,1
33,7,1
33,50,2
33,109,1
33,24,2
33,15,1
33,58,2
33,11,2
33,84,3
33,105,1
33,96,4
33,81,1
33,76,3
33,2,2
34,100,5
34,42,1
34,31,5
34,16,5
34,72,5
34,26,2
34,8,4
34,106,5
34,97,5
34,70,5
34,75,5
34,27,4
34,104,2
34,111,5
34,29,5
34,99,5
35,100,1
35,115,5
35,76,3
35,0,1
35,35,1
35,109,2
35,18,1
35,16,3
35,69,1
35,32,2
35,102,1
35,22,1
35,14,2
35,84,4
35,110,3
35,3,3
35,1,2
35,45,3
35,101,5
36,30,2
36,75,3
36,41,4
36,2,3
36,22,3
36,33,5
36,6,3
36,16,3
36,94,5
36,53,2
36,67,3
36,14,2
36,95,1
36,8,2
36,60,1
36,57,5
36,99,1
36,46,4
36,65,1
36,118,1
36,13,1
36,104,4
36,64,2
36,28,4
36,78,1
36,5,2
36,93,5
36,84,1
36,66,3
36,38,1
36,58,1
36,82,1
36,3,1
36,7,3
36,61,1
36,51,1
36,54,3
36,103,1
36,62,1
36,56,1
37,115,5
37,10,5
37,41,3
37,77,5
37,18,1
37,8,3
37,16,4
37,35,5
37,79,3
37,81,4
37,74,5
37,70,1
37,91,5
37,48,5
37,76,1
37,67,4
37,37,1
38,64,5
38,77,3
38,55,2
38,12,5
38,101,5
38,89,2
38,14,5
38,109,1
38,83,5
38,111,3
38,98,5
38,70,5
38,92,5
38,27,5
38,117,2
38,57,4
38,29,5
38,52,2
38,43,5
38,58,2
38,51,4
38,53,2
38,93,1
38,116,4
38,40,1
38,54,3
38,95,2
38,85,2
38,32,4
39,19,5
39,87,5
39,60,1
39,8,5
39,11,5
39,106,3
39,10,1
39,115,1
39,55,3
39,12,5
39,95,5
39,94,1
39,47,4
39,103,5
39,16,5
39,71,1
39,7,5
39,75,2
39,104,1
39,101,5
39,42,3
39,85,1
39,15,5
39,52,2
39,45,5
39,98,5
40,96,3
40,54,1
40,111,2
40,92,5
40,6,3
40,36,3
40,76,1
40,39,1
40,45,5
40,13,1
40,73,1
40,64,5
40,27,5
40,19,3
40,84,2
40,61,4
40,28,3
40,110,5
40,44,3
40,71,1
40,47,3
40,14,3
40,97,2
40,35,5
40,109,2
40,103,5
40,118,1
40,100,4
40,79,5
40,78,5
40,86,1
40,82,5
40,116,3
40,3,5
40,77,3
40,105,5
40,34,5
40,89,1
40,23,5
40,83,1
40,112,1
40,43,5
40,101,5
40,0,5
40,81,2
41,18,2
41,72,5
41,84,5
41,51,1
41,8,2
41,119,1
41,94,5
41,81,5
41,3,1
41,11,3
41,95,3
41,67,5
41,27,1
41,48,5
41,53,5
41,58,3
41,43,1
41,20,1
41,47,5
41,39,2
41,92,3
41,41,5
41,118,1
41,76,5
41,10,4
41,6,5
41,19,1
41,102,3
41,79,1
41,113,5
41,86,5
41,109,5
41,34,5
41,56,3
41,117,5
41,54,5
41,62,3
41,77,3
41,89,5
41,105,4
41,87,1
41,107,5
42,65,5
42,14,1
42,44,3
42,55,1
42,118,5
42,36,5
42,86,3
42,113,5
42,75,1
42,62,5
42,67,3
42,85,5
42,39,4
42,5,5
42,28,2
42,50,5
42,76,4
42,7,5
42,0,3
42,26,5
42,38,4
42,27,5
42,17,4
42,32,5
42,37,5
42,41,5
42,15,5
42,101,5
42,63,5
42,116,5
42,22,4
42,16,1
42,48,3
42,68,5
42,29,3
42,64,1
42,71,4
42,45,5
42,9,5
43,110,5
43,94,2
43,5,4
43,55,1
43,2,4
43,58,4
43,9,5
43,119,5
43,40,1
43,73,4
43,54,3
43,112,4
43,51,5
43,90,5
43,81,1
43,53,2
43,37,5
43,14,4
43,107,2
43,115,2
43,41,5
43,21,5
43,79,5
43,114,4
43,88,3
43,46,5
43,11,5
44,108,4
44,13,4
44,31,3
44,55,5
44,75,2
44,51,3
44,67,5
44,10,4
44,50,2
44,39,4
44,95,5
44,43,5
44,28,5
44,42,5
44,99,3
44,21,4
44,9,5
44,65,3
44,81,5
44,14,5
44,113,4
44,102,2
44,24,1
44,44,3
44,96,4
44,93,5
44,82,5
44,18,5
45,13,3
45,18,4
45,32,5
45,25,1
45,22,5
45,77,5
45,19,2
45,97,1
45,112,1
45,83,1
45,9,5
45,115,1
45,98,1
45,80,3
45,63,1
45,59,2
45,96,3
45,72,2
45,111,3
45,74,1
45,57,1
45,87,1
46,112,1
46,72,1
46,82,5
46,81,1
46,79,5
46,41,5
46,110,5
46,80,3
46,40,4
46,19,5
46,56,3
46,8,1
46,60,5
46,109,5
46,119,5
46,38,5
46,101,1
46,35,5
46,75,5
46,7,5
46,45,4
46,64,4
46,9,5
46,39,2
46,59,5
46,57,1
46,4,4
46,100,5
46,47,5
46,36,5
46,97,5
46,117,5
46,11,5
46,78,4
46,76,5
46,98,1
46,49,1
46,95,5
46,74,1
46,70,3
46,5,2
46,94,1
46,73,3
46,24,1
47,77,3
47,60,2
47,64,3
47,19,3
47,7,5
47,57,5
47,13,2
47,103,5
47,107,1
47,43,5
47,91,2
47,10,2
47,117,4
47,82,4
47,22,4
47,5,5
47,31,5
47,90,5
47,56,3
47,101,5
47,67,3
47,66,4
47,78,2
47,20,5
47,46,5
48,117,5
48,36,5
48,49,1
48,52,1
48,99,1
48,43,4
48,86,1
48,76,1
48,6,1
48,101,1
48,80,1
48,82,5
48,42,4
48,8,1
48,107,4
48,12,1
48,71,5
48,113,2
48,119,5
48,118,1
48,32,3
48,92,2
48,84,2
48,77,4
48,19,5
48,105,5
49,74,3
49,84,2
49,18,2
49,117,2
49,44,2
49,39,4
49,83,5
49,89,3
49,50,2
49,16,5
49,76,5
49,90,1
49,10,2
49,71,3
49,48,4
49,82,1
49,101,5
50,104,3
50,16,1
50,85,5
50,89,5
50,106,3
50,94,5
50,87,4
50,67,4
50,11,4
50,82,5
50,117,5
50,54,5
50,65,5
50,46,3
50,2,5
50,115,4
50,39,3
50,23,5
50,27,4
50,43,5
50,98,4
50,62,5
50,24,4
50,28,1
50,17,5
51,9,5
51,37,1
51,108,3
51,100,3
51,12,1
51,64,5
51,98,1
51,69,2
51,106,5
51,94,4
51,113,3
51,67,4
51,4,5
51,84,5
51,43,5
51,112,2
51,79,2
51,16,3
51,76,4
52,19,5
52,20,1
52,23,3
52,106,4
52,88,4
52,98,3
52,79,4
52,103,3
52,21,4
52,92,4
52,56,5
52,5,4
52,52,5
52,46,2
52,86,5
52,110,2
52,30,4
52,109,5
52,78,1
52,36,4
52,96,5
52,95,5
52,57,5
52,29,2
52,68,4
52,112,5
52,39,4
53,103,5
53,100,1
53,60,5
53,115,5
53,106,4
53,24,4
53,47,4
53,86,5
53,73,3
53,56,1
53,59,4
53,98,1
53,36,4
53,99,3
53,48,4
53,64,5
53,67,3
53,53,2
53,20,1
53,25,1
53,77,5
53,17,5
53,32,4
53,6,5
53,82,5
53,61,5
53,113,5
53,70,3
53,13,5
53,66,3
53,15,4
53,107,1
53,10,5
53,101,1
53,34,2
53,57,5
53,65,4
53,18,1
53,55,1
53,11,3
53,28,4
53,84,5
53,44,4
53,3,3
53,102,1
54,50,3
54,64,1
54,47,1
54,30,5
54,49,5
54,10,1
54,28,3
54,3,5
54,40,4
54,119,3
54,12,1
54,107,1
54,91,1
54,83,5
54,42,5
54,101,5
55,17,5
55,4,1
55,36,3
55,117,4
55,106,2
55,60,1
55,89,1
55,97,1
55,90,5
55,57,5
55,78,1
55,0,5
55,115,1
55,10,2
55,2,3
55,32,5
55,27,3
55,19,5
55,70,3
56,93,3
56,77,2
56,67,5
56,54,4
56,14,5
56,99,5
56,36,4
56,30,4
56,38,2
56,15,1
56,6,5
56,112,5
56,53,5
56,81,2
56,101,3
56,79,2
56,58,4
56,8,2
56,115,1
56,63,5
56,76,5
56,68,1
56,2,1
56,80,1
56,65,1
56,73,5
56,108,1
56,91,5
56,18,1
56,37,1
56,116,1
56,0,1
56,78,2
56,45,1
56,119,1
56,94,5
56,107,5
56,23,4
56,10,4
56,117,2
56,46,1
56,102,5
56,96,4
56,69,4
56,64,1
57,64,2
57,70,4
57,2,4
57,49,5
57,111,5
57,60,3
57,5,1
57,81,5
57,116,1
57,47,4
57,32,4
57,95,1
57,117,2
57,45,1
57,100,4
57,8,1
57,44,3
57,30,4
57,93,5
57,84,5
57,80,3
57,13,1
57,74,3
57,94,5
57,42,2
57,17,5
57,113,5
57,106,5
57,69,2
57,43,1
57,82,1
57,22,1
57,87,1
57,59,5
57,61,3
57,99,3
57,23,1
57,96,5
57,104,5
57,58,1
58,37,1
58,25,2
58,5,3
58,101,4
58,113,2
58,40,3
58,119,2
58,39,5
58,65,1
58,50,1
58,104,5
58,69,5
58,60,5
58,32,5
58,4,5
58,96,4
59,24,3
59,36,5
59,45,3
59,110,2
59,99,4
59,6,5
59,116,1
59,83,5
59,42,5
59,34,1
59,15,5
59,102,3
59,47,4
59,55,4
59,51,5
59,95,5
59,56,4
59,49,5
59,43,5
59,23,4
59,63,5
59,88,3
59,115,2
59,107,5
59,66,5
59,113,5
59,10,4
59,54,4
59,93,5
59,106,4
59,77,4
59,100,5
59,69,4
59,37,3
59,41,4
60,10,2
60,41,3
60,84,5
60,37,1
60,39,1
60,57,4
60,77,2
60,91,5
60,54,5
60,21,2
60,88,3
60,56,1
60,44,4
60,5,1
60,93,5
60,111,4
60,116,1
60,45,1
61,55,1
61,35,4
61,81,2
61,101,5
61,7,1
61,9,5
61,85,4
61,117,5
61,51,4
61,46,3
61,65,1
61,102,5
61,95,4
61,86,5
61,20,3
61,3,4
61,18,1
61,77,5
61,106,5
61,100,1
61,56,3
61,4,5
61,16,5
61,8,3
61,30,2
61,82,4
61,110,3
61,93,1
61,49,5
61,72,3
61,98,4
61,108,1
61,19,4
61,116,5
62,47,5
62,119,5
62,56,5
62,97,1
62,9,5
62,73,1
62,17,1
62,67,3
62,46,1
62,50,4
62,40,5
62,83,1
62,35,4
62,31,1
62,14,1
62,3,3
62,94,5
62,23,5
62,63,5
62,66,2
62,49,1
62,71,5
62,15,1
62,33,3
62,96,2
62,90,4
62,57,2
62,27,4
62,78,1
63,88,1
63,117,4
63,62,2
63,25,3
63,15,3
63,17,3
63,109,5
63,9,5
63,57,5
63,22,5
63,91,4
63,56,5
63,11,3
63,103,2
63,87,5
63,40,5
63,85,4
63,44,2
63,90,5
63,8,2
63,70,4
63,69,5
63,37,5
63,38,2
64,20,5
64,91,5
64,90,1
64,89,5
64,81,1
64,22,5
64,101,1
64,46,2
64,65,5
64,28,2
64,15,1
64,25,3
64,113,3
64,17,2
64,30,5
64,107,5
64,63,5
64,3,1
64,112,2
64,70,2
64,73,3
64,47,5
64,59,4
64,100,5
64,16,4
64,78,5
64,11,5
64,8,2
64,39,2
64,50,4
64,61,2
64,67,3
64,52,1
64,87,1
64,99,5
64,9,5
64,95,5
64,40,2
64,84,4
64,57,1
64,97,5
64,66,4
65,16,5
65,112,4
65,106,5
65,99,5
65,70,1
65,81,1
65,75,5
65,23,5
65,98,2
65,119,5
65,55,3
65,64,5
65,7,2
65,117,3
65,15,1
65,66,4
65,19,2
65,38,2
65,21,5
65,20,5
65,41,2
65,90,2
65,28,5
65,44,4
65,104,2
65,36,4
66,10,3
66,32,4
66,25,2
66,81,5
66,70,4
66,35,4
66,16,4
66,80,5
66,38,4
66,78,2
66,68,4
66,11,4
66,64,2
66,82,4
66,21,4
66,75,3
66,74,3
66,19,2
66,105,2
66,84,4
66,79,1
66,92,4
66,77,3
66,43,3
66,72,4
66,5,3
66,3,1
66,119,2
66,94,5
66,106,4
66,73,4
66,33,3
66,83,4
66,26,4
66,89,4
66,53,2
66,99,3
66,116,1
66,93,5
66,63,5
66,69,3
66,37,3
67,38,5
67,61,5
67,31,5
67,103,3
67,116,3
67,87,5
67,51,5
67,119,2
67,58,3
67,9,4
67,88,3
67,7,5
67,20,1
67,56,3
67,53,4
67,118,4
67,59,4
67,26,5
67,43,4
67,77,5
67,18,1
67,40,5
67,91,5
67,98,4
67,93,5
67,44,4
67,113,5
67,16,4
67,47,4
67,65,3
67,71,5
67,13,5
67,96,5
67,30,5
67,115,5
68,34,5
68,57,1
68,31,5
68,18,2
68,12,5
68,6,5
68,37,5
68,49,5
68,110,5
68,78,5
68,53,1
68,115,3
68,20,3
68,104,1
68,41,4
68,119,1
68,73,5
68,92,5
69,24,4
69,97,5
69,20,2
69,63,5
69,65,1
69,59,2
69,116,3
69,112,4
69,39,4
69,113,5
69,2,5
69,11,4
69,50,1
69,64,5
69,58,3
69,30,3
69,27,3
69,74,2
69,45,1
69,6,5
69,100,1
69,36,3
69,110,1
69,76,5
69,83,1
70,60,1
70,36,2
70,68,1
70,1,5
70,108,3
70,13,1
70,55,1
70,17,5
70,33,2
70,93,1
70,46,5
70,97,5
70,51,3
70,109,5
70,5,2
70,107,1
70,6,5
70,72,4
70,71,1
70,24,5
70,106,2
70,70,5
70,118,1
70,9,4
70,49,3
70,64,2
70,57,4
70,98,4
70,35,1
70,79,5
70,87,5
70,78,3
70,15,5
70,16,5
70,12,5
70,50,3
71,101,5
71,43,5
71,71,2
71,46,5
71,96,5
71,18,5
71,25,5
71,77,4
71,65,4
71,51,4
71,64,1
71,5,5
71,108,5
71,4,5
71,17,3
71,91,2
71,42,5
71,102,1
71,60,2
71,66,5
71,58,4
71,19,1
71,112,5
71,111,5
71,105,5
71,41,4
72,78,4
72,40,5
72,20,1
72,50,5
72,119,5
72,94,2
72,107,2
72,38,5
72,75,5
72,43,5
72,64,3
72,106,4
72,65,5
72,68,2
72,62,5
72,90,3
72,72,1
72,112,3
72,60,5
72,2,3
72,47,5
72,42,1
72,86,5
72,14,3
72,53,2
72,74,2
72,39,1
72,92,3
72,88,1
72,80,3
72,3,1
72,76,5
72,101,2
72,33,1
72,83,5
72,114,2
72,73,5
72,29,1
72,6,5
72,84,5
72,61,5
72,21,5
72,67,4
72,48,1
73,105,5
73,87,4
73,31,5
73,4,4
73,73,4
73,89,5
73,14,5
73,24,5
73,2,5
73,56,3
73,40,1
73,53,2
73,19,1
73,52,2
73,88,4
73,26,2
73,64,5
73,99,5
73,78,5
74,60,5
74,111,2
74,108,1
74,94,1
74,93,1
74,7,4
74,90,1
74,17,5
74,66,2
74,26,4
74,71,5
74,41,2
74,84,5
74,61,2
74,67,2
74,48,2
74,40,2
74,22,1
74,58,1
74,68,5
74,43,4
74,69,1
74,45,1
74,86,5
74,92,2
74,87,1
74,82,5
74,88,1
74,33,1
74,78,5
74,106,4
74,24,4
74,31,5
74,35,4
74,109,1
74,38,5
74,28,2
74,107,1
74,36,3
74,110,3
74,62,5
74,103,5
74,89,5
74,44,4
75,119,5
75,101,1
75,92,1
75,35,5
75,36,4
75,15,1
75,73,4
75,86,5
75,69,3
75,48,5
75,50,1
75,104,5
75,44,4
75,98,1
75,102,5
75,18,3
75,37,1
75,5,2
75,115,1
75,91,5
75,10,5
75,107,5
75,56,5
75,83,1
75,32,5
75,61,1
75,27,2
75,25,1
75,68,5
75,34,1
75,71,5
75,90,1
76,13,5
76,78,2
76,94,5
76,75,5
76,30,5
76,31,5
76,6,5
76,85,5
76,115,3
76,67,4
76,28,3
76,81,2
76,29,2
76,12,4
76,52,4
76,42,3
76,91,5
76,60,4
76,87,3
77,17,3
77,0,1
77,70,5
77,20,2
77,52,1
77,83,5
77,112,5
77,113,2
77,60,5
77,61,3
77,114,2
77,25,3
77,96,5
77,36,2
77,41,1
77,106,5
77,82,1
77,7,5
77,98,4
77,11,2
77,109,1
77,73,5
77,29,5
77,68,5
77,94,1
77,92,5
77,4,2
77,22,2
77,53,1
77,95,1
77,93,1
77,50,5
77,63,1
77,23,5
77,37,1
77,89,2
77,1,1
77,38,2
77,72,3
78,13,4
78,118,3
78,42,1
78,36,3
78,58,2
78,82,4
78,69,1
78,67,3
78,63,5
78,17,3
78,108,1
78,64,1
78,59,2
78,34,1
78,24,4
78,103,4
78,14,1
78,117,3
78,20,1
78,93,2
78,115,2
78,114,1
78,32,2
78,91,4
78,23,3
78,1,4
78,43,3
78,37,2
78,72,1
78,86,3
78,105,1
78,22,1
78,78,1
78,81,1
79,51,5
79,105,1
79,54,5
79,65,1
79,41,3
79,11,2
79,119,1
79,85,5
79,12,5
79,23,1
79,17,5
79,61,4
79,115,5
79,31,5
79,0,1
79,33,4
79,49,5
79,30,4
79,57,5
79,96,5
79,34,5
79,42,1
79,38,5
79,74,5
79,92,5
79,73,5
79,1,1
79,104,5
79,83,3
79,46,4
79,88,5
79,102,1
79,7,5
79,112,4
79,15,5
79,59,4
79,39,3
79,20,1
79,113,5
79,64,5
79,91,5
79,86,5
79,37,1
80,78,1
80,28,4
80,118,4
80,17,2
80,61,1
80,19,1
80,58,4
80,95,5
80,77,3
80,47,4
80,53,3
80,89,4
80,70,2
80,60,1
80,96,2
80,68,2
80,102,1
80,85,4
80,27,3
80,97,3
80,31,1
80,87,4
80,105,5
80,76,5
80,10,1
80,67,4
81,67,3
81,90,5
81,46,5
81,9,5
81,72,5
81,14,5
81,7,4
81,106,5
81,70,1
81,64,5
81,25,5
81,73,1
81,68,5
81,19,3
81,21,3
81,41,3
81,66,4
81,56,3
81,114,5
81,87,4
81,26,3
81,91,5
81,74,4
81,62,5
81,11,5
81,65,5
81,57,1
81,113,2
81,58,3
82,65,4
82,53,3
82,58,5
82,72,4
82,7,2
82,71,3
82,59,2
82,86,2
82,103,1
82,39,5
82,92,1
82,2,2
82,50,3
82,32,4
82,104,2
82,0,3
82,95,5
82,27,3
82,74,2
83,5,1
83,54,4
83,44,5
83,89,5
83,8,1
83,69,5
83,7,3
83,119,5
83,114,4
83,60,5
83,4,5
83,36,5
83,52,1
83,23,5
83,98,1
83,17,3
83,82,4
84,82,3
84,53,4
84,47,5
84,114,4
84,48,5
84,57,1
84,111,5
84,115,2
84,112,3
84,10,5
84,87,1
84,84,5
84,69,5
84,17,4
84,83,5
84,44,5
84,15,1
84,22,4
84,68,4
84,50,1
84,67,5
84,16,5
84,93,1
84,28,5
84,0,1
84,2,4
84,38,5
84,59,3
84,86,5
84,107,5
84,54,5
84,101,1
84,113,5
84,29,3
84,31,2
84,58,5
84,104,5
84,19,1
85,24,3
85,112,1
85,92,3
85,97,5
85,14,5
85,4,3
85,103,3
85,84,3
85,53,1
85,78,5
85,98,1
85,2,4
85,30,2
85,26,2
85,8,2
85,12,5
85,76,1
85,114,4
85,57,1
85,113,3
85,86,5
85,90,1
85,6,3
86,94,4
86,5,2
86,51,3
86,56,4
86,29,1
86,69,3
86,27,2
86,96,3
86,110,2
86,99,2
86,7,2
86,17,2
86,64,1
86,37,1
86,115,1
86,104,2
86,93,2
86,73,3
86,40,5
86,102,5
86,76,5
86,98,4
87,104,5
87,41,5
87,30,2
87,38,5
87,112,1
87,18,3
87,84,5
87,66,2
87,28,4
87,52,5
87,116,2
87,35,5
87,7,5
87,71,5
87,75,5
87,94,5
87,22,1
87,80,5
87,86,5
87,54,5
87,106,3
87,63,5
87,6,5
87,44,4
87,82,5
87,85,5
87,48,2
87,67,5
87,40,5
87,89,5
87,53,2
87,110,1
87,19,3
87,109,1
87,93,5
87,23,1
88,68,2
88,60,1
88,30,3
88,108,5
88,28,5
88,38,3
88,109,4
88,90,4
88,18,3
88,103,1
88,59,5
88,7,5
88,71,4
88,52,4
88,53,4
88,107,2
88,67,5
88,17,4
88,49,5
88,31,5
88,32,5
88,26,2
88,42,5
88,82,1
88,10,1
88,57,5
88,47,4
88,11,5
88,119,1
88,24,3
88,6,5
88,34,5
88,48,5
88,86,5
88,77,3
88,85,3
88,5,4
88,9,3
88,112,5
89,97,5
89,75,1
89,92,1
89,85,1
89,71,2
89,27,2
89,61,1
89,26,1
89,111,5
89,42,5
89,38,1
89,1,5
89,114,1
89,24,1
89,94,1
89,15,1
89,95,5
89,96,3
89,113,1
89,31,1
89,89,1
89,77,1
89,90,1
89,112,5
89,50,2
89,30,4
89,70,3
89,41,1
89,36,3
89,48,3
89,59,1
89,68,1
89,83,5
89,45,3
89,39,5
89,33,3
89,46,2
89,65,3
89,63,5
89,99,5
90,102,5
90,92,2
90,60,4
90,97,5
90,107,4
90,40,1
90,117,1
90,26,1
90,47,5
90,52,1
90,5,1
90,72,3
90,110,5
90,28,2
90,94,1
90,18,3
90,2,2
90,33,1
91,119,4
91,74,4
91,118,5
91,92,2
91,53,2
91,37,2
91,19,5
91,25,1
91,42,1
91,29,3
91,48,5
91,72,1
91,106,5
91,31,4
91,63,5
91,70,3
91,83,2
91,87,3
91,43,5
91,32,4
91,97,5
91,62,5
91,116,5
91,82,5
91,94,3
91,98,3
91,58,1
91,21,5
91,45,3
91,99,4
91,17,4
91,69,2
92,23,5
92,117,4
92,113,4
92,69,5
92,82,2
92,7,3
92,67,5
92,4,5
92,107,4
92,108,4
92,9,4
92,104,4
92,85,2
92,6,3
92,97,3
92,0,5
92,52,3
92,17,3
92,80,1
92,29,3
92,8,3
92,90,3
92,19,1
92,1,5
92,27,2
92,64,1
92,58,4
92,47,4
92,114,1
92,79,1
93,85,1
93,78,4
93,116,4
93,61,3
93,84,3
93,62,5
93,2,3
93,0,3
93,68,2
93,70,2
93,52,1
93,1,5
93,113,1
93,67,3
93,92,2
93,35,4
93,111,4
93,36,4
93,107,5
93,64,5
93,89,4
93,86,3
93,55,1
93,22,5
93,13,3
93,12,4
93,106,5
93,19,5
93,30,4
93,24,3
93,79,5
93,93,1
93,32,3
93,45,5
93,34,2
94,50,1
94,10,1
94,47,1
94,51,3
94,58,1
94,72,3
94,31,4
94,89,3
94,28,4
94,38,2
94,87,2
94,105,2
94,118,1
94,83,1
94,106,3
94,97,1
94,4,1
94,11,4
94,116,1
94,48,1
94,100,2
94,70,2
94,60,1
94,7,4
94,81,5
94,1,1
94,112,3
94,21,1
94,107,1
94,63,2
94,55,2
94,82,4
94,42,4
94,114,2
94,12,4
94,67,3
94,5,3
94,29,3
94,27,1
94,86,3
95,34,5
95,5,1
95,9,4
95,87,1
95,35,5
95,69,5
95,72,5
95,84,2
95,4,3
95,22,4
95,108,3
95,40,3
95,2,2
95,26,2
95,75,5
95,18,5
95,96,2
95,91,3
95,50,1
95,117,1
95,38,4
95,20,5
95,113,4
95,30,3
95,97,5
95,49,2
95,86,3
95,114,2
95,42,3
95,94,1
96,94,5
96,17,3
96,101,4
96,88,3
96,92,3
96,10,1
96,64,1
96,95,5
96,44,1
96,6,5
96,12,1
96,55,5
96,29,1
96,9,5
96,43,3
96,77,3
96,98,5
96,78,1
96,76,5
96,50,3
96,99,2
96,41,4
96,3,1
96,81,4
96,34,1
96,57,5
96,62,1
96,107,5
96,45,3
96,70,4
96,48,2
96,108,4
96,23,5
96,74,2
96,84,1
96,89,1
96,114,1
96,79,5
96,37,5
97,31,2
97,91,5
97,9,5
97,10,5
97,34,1
97,19,5
97,48,5
97,118,5
97,100,4
97,81,1
97,114,4
97,94,2
97,49,3
97,40,5
97,46,1
97,13,5
97,11,3
97,0,3
97,39,5
97,56,5
97,105,4
97,97,5
97,115,1
97,104,1
97,16,2
97,103,3
97,23,5
97,55,2
97,57,1
97,71,5
97,90,2
97,65,5
97,52,2
97,96,5
97,3,1
97,108,1
97,45,4
97,70,4
97,84,4
97,76,5
98,100,4
98,41,5
98,110,1
98,49,1
98,1,3
98,37,5
98,52,2
98,116,1
98,99,1
98,10,1
98,92,3
98,71,4
98,31,2
98,73,1
98,66,2
98,21,1
98,87,1
98,48,3
98,104,1
98,17,1
98,34,5
98,38,1
98,111,5
98,63,1
98,18,5
98,8,2
98,101,1
98,55,4
98,35,5
98,53,1
98,98,1
98,61,3
98,9,5
98,46,5
99,31,4
99,92,2
99,80,2
99,63,5
99,76,5
99,78,4
99,25,5
99,58,5
99,13,3
99,17,3
99,38,4
99,0,5
99,50,5
99,42,4
99,79,5
99,48,4
99,102,5
99,106,4
99,56,5
99,103,5
99,55,3
99,83,4
99,115,1
100,38,5
100,41,3
100,77,2
100,88,2
100,25,1
100,61,5
100,40,5
100,22,1
100,50,2
100,37,1
100,94,5
100,81,3
100,62,4
100,73,5
100,100,3
100,31,5
100,48,1
100,35,2
100,104,5
101,50,3
101,46,5
101,14,5
101,72,3
101,25,5
101,75,1
101,69,2
101,23,5
101,87,5
101,98,5
101,70,2
101,3,5
101,93,1
101,59,2
101,90,5
101,26,3
101,56,3
101,102,1
101,37,4
101,88,3
101,8,3
101,52,2
101,86,1
101,63,2
101,17,3
101,81,2
101,38,1
101,30,3
101,32,4
101,84,1
101,19,4
101,54,1
101,48,3
101,9,5
101,57,5
101,76,4
101,61,5
101,74,5
101,51,4
101,68,2
102,118,1
102,117,3
102,111,5
102,88,5
102,53,2
102,69,4
102,4,3
102,101,5
102,46,5
102,89,3
102,103,4
102,68,2
102,76,2
102,81,5
102,10,1
102,13,1
102,98,2
102,31,5
102,84,3
102,85,3
102,45,5
102,21,2
102,82,2
102,78,5
102,5,3
102,72,5
102,97,5
102,86,5
102,93,1
102,51,3
102,42,1
103,101,4
103,55,5
103,13,1
103,1,3
103,12,2
103,33,5
103,28,4
103,65,3
103,95,5
103,66,4
103,71,5
103,74,2
103,88,5
103,73,1
103,113,2
103,57,1
103,47,5
103,50,1
103,59,5
103,98,2
103,86,4
103,75,4
103,107,5
103,64,5
103,19,1
103,44,3
103,3,3
103,61,1
103,117,4
103,37,5
103,53,3
103,10,1
103,14,5
103,18,5
103,94,3
103,39,3
103,43,5
103,58,5
103,26,1
103,110,2
103,92,4
103,85,3
103,60,2
103,115,1
103,56,4
104,89,1
104,57,2
104,40,4
104,8,1
104,38,2
104,5,4
104,103,4
104,90,5
104,14,3
104,2,1
104,108,3
104,43,5
104,82,4
104,13,5
104,86,1
104,102,5
104,21,5
104,94,2
104,31,1
104,66,4
104,22,5
104,70,3
104,20,5
104,42,5
104,71,4
104,54,1
104,59,3
104,29,1
104,51,3
104,80,1
104,23,5
104,119,5
104,81,1
104,84,1
104,55,3
104,50,5
104,3,2
104,78,1
105,25,5
105,57,5
105,75,5
105,54,4
105,49,5
105,0,5
105,90,5
105,27,1
105,26,4
105,35,5
105,96,3
105,113,5
105,103,1
105,101,5
105,8,3
105,73,2
105,13,1
105,102,1
105,68,1
105,23,2
105,46,5
105,41,5
105,119,1
105,58,2
105,14,1
105,33,5
105,85,4
105,62,1
105,67,5
105,81,5
105,40,5
105,76,4
105,115,1
105,78,1
105,50,1
105,117,5
105,95,1
105,44,1
105,45,1
105,109,5
105,79,1
105,22,3
105,38,2
106,78,4
106,75,1
106,10,5
106,86,5
106,17,5
106,40,4
106,15,3
106,30,5
106,39,5
106,14,5
106,23,5
106,47,5
106,88,1
106,18,1
106,65,4
106,49,5
106,53,4
106,76,5
106,115,3
106,73,5
106,104,5
106,54,5
106,109,5
106,62,5
106,81,1
106,68,5
106,107,5
106,82,2
106,22,3
106,71,4
106,21,5
106,96,5
106,36,5
106,101,5
106,97,5
106,114,2
106,57,5
106,79,5
106,6,5
106,45,3
106,1,5
106,93,3
106,116,5
106,24,5
107,49,2
107,71,5
107,64,1
107,83,2
107,63,5
107,52,5
107,87,4
107,62,4
107,53,2
107,90,5
107,107,2
107,56,4
107,112,4
107,21,3
107,10,4
107,72,2
107,3,5
107,101,2
107,97,1
107,28,2
107,37,5
107,4,2
107,35,4
107,100,5
107,68,3
107,36,5
107,106,1
107,58,4
107,104,1
107,115,2
107,70,3
107,65,5
107,14,1
107,73,1
107,113,5
107,34,1
107,69,5
107,46,4
107,116,3
107,5,5
107,108,5
108,27,1
108,54,5
108,13,4
108,94,3
108,106,4
108,83,1
108,96,2
108,31,2
108,38,5
108,4,3
108,57,1
108,33,2
108,44,5
108,104,4
108,11,4
108,56,3
108,15,3
108,99,1
108,30,2
108,26,4
108,116,2
108,75,5
108,88,1
108,107,4
108,90,2
108,78,4
108,80,5
108,118,1
108,21,3
108,102,3
108,17,5
108,100,2
109,26,4
109,103,5
109,7,5
109,72,4
109,44,3
109,68,4
109,35,5
109,76,1
109,114,5
109,21,1
109,41,5
109,90,5
109,37,5
109,107,2
109,73,1
109,34,4
109,65,5
109,86,3
109,12,4
109,17,3
109,96,3
109,52,3
109,117,5
109,113,3
109,83,1
109,16,2
109,89,2
109,94,3
109,31,5
109,18,5
109,109,1
109,91,4
109,102,1
109,50,3
109,62,3
109,108,5
109,105,5
109,80,4
109,104,1
109,82,5
109,53,2
110,57,1
110,9,5
110,81,1
110,101,3
110,112,5
110,98,2
110,11,5
110,51,1
110,65,5
110,95,5
110,35,5
110,88,4
110,47,5
110,58,5
110,62,2
110,41,5
110,74,2
110,0,5
110,99,5
110,93,1
110,113,2
110,100,5
110,106,4
110,117,1
110,85,1
110,89,1
110,45,5
111,8,3
111,101,5
111,68,1
111,50,1
111,27,2
111,54,5
111,105,5
111,115,3
111,63,1
111,34,5
111,41,5
111,106,5
111,36,1
111,43,2
111,70,2
111,73,4
111,16,5
111,72,5
111,62,3
111,100,4
111,108,2
111,87,1
111,97,5
111,6,4
111,5,1
111,12,5
111,80,1
111,58,1
111,2,5
111,15,5
111,20,3
111,56,1
111,92,5
111,0,2
111,114,1
111,25,5
111,103,4
111,38,3
111,89,1
111,35,5
111,11,4
111,46,5
112,10,5
112,47,5
112,85,5
112,115,5
112,83,1
112,21,3
112,6,5
112,50,3
112,80,5
112,39,1
112,92,2
112,89,5
112,96,5
112,29,5
112,54,5
112,116,5
112,11,5
112,90,2
112,12,5
112,0,1
112,27,4
112,61,1
112,9,5
113,75,3
113,28,2
113,66,2
113,87,1
113,56,4
113,1,3
113,89,5
113,43,5
113,104,3
113,15,2
113,110,1
113,54,4
113,88,1
113,16,1
113,61,5
113,9,5
113,29,4
113,49,1
113,11,5
114,103,2
114,13,5
114,118,5
114,40,4
114,47,5
114,112,4
114,38,4
114,17,3
114,48,5
114,99,5
114,104,4
114,96,5
114,114,4
114,82,5
114,86,5
114,18,5
114,8,2
114,67,5
114,72,1
114,1,5
114,78,3
114,83,4
114,21,5
114,56,5
114,44,5
114,92,1
114,27,5
114,80,5
114,19,5
114,52,4
114,110,4
114,87,3
114,108,2
114,93,1
114,11,4
114,12,1
114,107,5
114,15,1
115,93,5
115,49,5
115,44,4
115,54,5
115,40,5
115,101,2
115,17,5
115,31,5
115,35,4
115,82,3
115,10,3
115,112,5
115,70,5
115,76,5
115,106,5
115,92,5
115,77,3
115,36,5
115,99,4
115,88,5
115,3,1
115,84,5
115,38,5
115,26,5
115,66,5
115,103,2
115,65,5
115,24,4
115,50,2
115,37,5
115,110,5
115,6,5
115,30,5
116,49,1
116,14,5
116,30,2
116,63,1
116,81,1
116,76,1
116,9,5
116,67,1
116,1,1
116,46,5
116,40,1
116,16,5
116,119,4
116,72,5
116,53,1
116,110,5
116,69,5
116,87,1
116,22,5
116,97,5
116,60,5
116,98,1
116,113,2
116,2,3
116,75,5
116,8,2
116,111,2
116,33,4
116,27,5
116,5,2
117,7,3
117,101,3
117,50,1
117,64,3
117,36,2
117,80,3
117,91,4
117,116,1
117,98,1
117,53,3
117,54,5
117,89,5
117,51,1
117,10,3
117,81,4
117,68,2
117,104,5
117,78,5
117,19,1
117,35,5
117,106,5
117,39,2
117,99,5
117,65,1
117,26,1
117,118,1
117,103,1
117,41,3
117,117,3
117,75,5
117,105,4
117,83,5
117,87,2
117,82,1
117,8,3
117,111,5
117,55,1
117,30,3
117,119,1
117,31,4
117,11,3
117,88,3
117,14,5
117,58,3
118,77,4
118,7,2
118,39,5
118,85,3
118,94,5
118,84,2
118,115,1
118,22,5
118,15,2
118,1,5
118,90,2
118,17,3
118,89,4
118,110,3
118,20,5
118,63,5
118,44,3
118,66,4
118,102,4
118,100,5
118,92,3
118,33,5
118,21,5
118,47,5
118,16,4
118,34,2
118,93,3
118,111,5
118,3,2
118,42,5
118,54,3
118,113,3
118,67,5
118,8,4
119,91,2
119,73,1
119,80,1
119,9,5
119,63,2
119,58,4
119,65,5
119,46,5
119,7,5
119,115,1
119,109,2
119,72,2
119,21,5
119,47,3
119,20,5
119,32,3
119,98,5
119,13,4
119,118,4
119,86,1
119,92,2
119,14,5
119,29,5
120,65,2
120,0,2
120,5,5
120,109,1
120,110,4
120,1,2
120,31,5
120,117,1
120,60,1
120,46,5
120,49,5
120,19,1
120,22,4
120,4,1
120,70,5
120,102,1
120,91,1
120,94,5
120,83,5
120,53,3
120,28,5
120,41,3
120,113,1
120,100,3
120,92,5
120,40,1
120,34,5
120,9,1
120,73,5
120,47,1
120,15,5
120,64,4
120,86,2
120,6,3
120,107,1
120,99,5
120,66,5
120,112,5
121,51,3
121,8,3
121,112,4
121,59,5
121,110,3
121,36,1
121,99,3
121,108,5
121,39,3
121,41,5
121,11,4
121,70,3
121,58,1
121,1,2
121,47,2
121,25,5
121,37,5
121,72,5
121,100,3
121,38,2
121,94,4
121,79,1
121,31,5
121,116,1
121,105,5
121,75,4
121,63,1
121,104,2
121,69,3
121,97,3
121,19,1
121,0,4
121,52,3
121,3,5
121,29,5
121,91,2
121,44,1
121,81,5
121,106,3
121,42,4
121,88,5
121,48,3
121,111,4
121,13,1
121,26,3
122,30,3
122,53,2
122,62,5
122,7,3
122,18,1
122,91,5
122,35,4
122,11,3
122,5,4
122,29,4
122,108,3
122,66,2
122,52,3
122,89,5
122,47,3
122,58,1
122,95,1
122,10,4
122,74,3
122,12,5
122,64,3
122,17,4
122,81,4
122,50,1
122,9,4
122,75,2
122,72,1
122,116,2
122,55,1
122,84,4
122,16,2
123,37,4
123,33,1
123,108,1
123,40,3
123,102,5
123,50,5
123,89,5
123,106,4
123,94,1
123,41,1
123,116,5
123,57,1
123,34,1
123,29,1
123,9,5
123,25,1
123,17,1
123,99,5
123,98,1
123,74,1
123,13,5
123,19,5
124,21,5
124,57,2
124,59,5
124,40,5
124,52,5
124,15,1
124,68,4
124,45,1
124,98,1
124,26,3
124,39,4
124,33,5
124,109,5
124,11,5
124,20,4
124,103,1
124,87,1
124,38,5
125,90,5
125,89,5
125,77,5
125,5,5
125,27,5
125,106,3
125,109,1
125,41,1
125,18,3
125,11,5
125,91,5
125,31,4
125,45,3
125,50,4
125,65,3
125,6,1
125,86,3
125,38,2
125,33,2
125,22,5
125,3,5
125,51,5
125,57,2
125,71,1
125,95,4
125,70,1
125,108,2
125,12,5
125,59,2
125,13,5
125,17,1
125,15,1
125,1,1
125,7,1
125,28,5
125,16,2
125,25,2
125,98,3
125,47,4
125,80,3
125,10,5
126,75,4
126,33,5
126,117,5
126,104,5
126,9,4
126,2,5
126,8,4
126,25,2
126,82,5
126,56,5
126,103,1
126,16,5
126,11,5
126,106,5
126,109,1
126,42,4
126,15,1
126,5,4
126,59,5
126,6,5
126,21,3
126,73,4
126,55,3
126,92,4
126,50,1
126,63,2
126,3,4
126,48,5
126,87,1
126,54,5
126,22,5
126,45,1
126,27,4
127,23,3
127,35,4
127,118,1
127,57,5
127,113,5
127,19,1
127,4,1
127,78,3
127,79,1
127,112,4
127,31,5
127,82,3
127,37,5
127,63,5
127,52,4
127,70,3
127,61,5
127,7,5
127,11,3
127,117,4
127,49,5
127,17,5
127,53,2
127,25,3
127,108,4
127,67,4
127,109,5
127,80,3
127,69,4
127,2,4
127,48,2
127,45,2
127,103,2
127,91,2
127,62,2
127,44,3
127,72,5
127,64,2
127,41,5
127,99,2
127,34,4
127,119,1
127,3,1
127,40,5
128,28,5
128,3,1
128,114,5
128,103,1
128,99,4
128,35,5
128,7,1
128,116,1
128,60,5
128,67,5
128,45,1
128,98,1
128,74,1
128,29,4
128,20,4
128,12,1
128,31,1
128,84,5
128,30,2
128,34,5
128,68,5
128,94,5
128,113,5
128,119,2
128,73,5
128,49,5
128,109,2
128,22,5
128,92,1
128,101,1
128,75,1
128,40,4
128,93,5
128,89,5
129,90,5
129,89,1
129,45,5
129,72,5
129,18,5
129,24,1
129,107,5
129,103,5
129,112,5
129,63,4
129,69,5
129,39,5
129,22,5
129,62,4
129,4,5
130,7,1
130,29,1
130,77,4
130,28,3
130,2,3
130,67,4
130,61,1
130,0,1
130,42,2
130,117,5
130,78,2
130,25,1
130,103,1
130,16,2
130,43,3
130,91,5
130,22,2
131,102,1
131,108,3
131,111,2
131,41,4
131,7,5
131,2,1
131,18,5
131,75,2
131,90,5
131,113,1
131,99,4
131,14,4
131,67,1
131,46,5
131,9,5
131,47,2
131,117,1
131,84,1
131,50,4
131,112,5
131,12,2
131,43,5
131,38,1
131,116,2
131,17,1
131,20,5
131,93,1
131,55,2
131,81,1
131,62,1
131,83,5
131,40,1
131,22,5
131,71,1
131,78,1
131,45,5
131,28,1
131,100,4
131,87,5
131,48,1
131,39,3
131,37,5
131,16,1
131,91,2
132,0,2
132,89,2
132,73,1
132,50,3
132,108,4
132,98,5
132,72,5
132,4,2
132,23,3
132,77,4
132,40,1
132,103,5
132,78,4
132,28,5
132,81,5
132,113,2
132,13,2
132,63,1
132,18,3
132,42,3
132,95,2
132,9,4
132,30,3
132,44,2
132,109,1
132,21,1
132,105,5
132,11,5
132,90,5
132,85,3
132,93,1
132,100,1
132,57,5
132,1,1
132,33,5
132,26,4
132,31,5
132,8,5
133,32,4
133,100,1
133,13,1
133,92,5
133,0,2
133,6,4
133,49,3
133,56,1
133,93,3
133,53,1
133,21,1
133,52,3
133,63,1
133,48,2
133,44,1
133,69,1
133,106,2
133,12,5
133,61,5
133,118,2
133,73,1
133,83,2
133,97,2
133,87,5
133,28,4
133,20,2
134,9,3
134,102,1
134,108,5
134,4,1
134,37,5
134,2,5
134,40,5
134,33,5
134,13,1
134,119,1
134,43,1
134,21,2
134,48,2
134,20,1
134,93,5
134,110,1
134,70,3
134,11,5
134,109,4
134,76,4
134,78,2
134,61,5
134,90,5
134,3,2
134,55,4
134,83,5
134,117,5
134,77,3
134,95,1
135,6,5
135,12,5
135,42,1
135,26,3
135,24,5
135,52,3
135,89,3
135,70,4
135,92,4
135,118,1
135,93,2
135,69,3
135,33,2
135,84,3
135,36,3
135,38,3
135,30,4
135,50,2
135,73,4
135,107,3
136,19,1
136,6,5
136,46,5
136,0,1
136,54,5
136,11,3
136,37,1
136,105,3
136,84,4
136,80,3
136,76,4
136,61,2
136,25,1
136,12,5
136,3,2
136,26,2
136,21,4
136,81,5
136,113,5
136,10,2
136,60,5
136,14,5
136,39,3
136,50,1
136,99,5
136,62,5
136,111,4
136,33,5
136,114,1
136,82,1
137,49,1
137,23,5
137,47,3
137,113,1
137,48,2
137,117,1
137,118,4
137,57,1
137,5,4
137,33,1
137,56,1
137,59,1
137,110,5
137,28,2
137,34,1
137,72,2
137,7,5
137,19,5
137,96,4
137,89,1
137,85,1
137,12,5
137,10,1
137,99,5
137,44,1
137,69,4
137,52,1
137,75,3
137,29,5
137,70,4
137,103,5
137,119,4
138,66,2
138,53,1
138,68,5
138,87,5
138,110,5
138,60,5
138,73,4
138,112,5
138,30,5
138,114,2
138,38,4
138,10,5
138,50,5
138,91,5
138,4,4
138,64,1
138,113,5
138,119,5
138,103,5
138,86,2
138,79,5
138,18,3
138,15,3
138,96,5
138,57,5
138,22,1
138,21,5
138,27,3
138,24,5
138,16,1
138,5,4
138,54,2
138,108,1
138,55,1
138,25,1
138,80,5
138,98,5
138,76,5
138,33,1
138,40,4
138,8,1
139,49,1
139,71,4
139,50,5
139,70,1
139,41,3
139,109,1
139,35,5
139,66,2
139,58,3
139,117,5
139,111,2
139,1,1
139,100,1
139,89,5
139,79,5
139,75,2
139,53,1
140,53,4
140,19,3
140,18,1
140,72,1
140,75,1
140,74,1
140,97,2
140,12,1
140,118,3
140,13,5
140,99,1
140,100,1
140,36,3
140,111,3
140,68,5
140,112,2
140,44,3
140,52,4
141,49,3
141,83,1
141,62,1
141,73,1
141,77,4
141,60,1
141,4,2
141,22,5
141,35,1
141,51,5
141,18,4
141,79,5
141,115,1
141,87,5
141,88,3
141,110,1
141,113,4
141,50,3
141,42,5
141,105,1
141,30,3
141,6,3
141,95,3
142,117,5
142,34,2
142,114,4
142,47,3
142,2,5
142,43,5
142,104,4
142,101,3
142,38,3
142,39,2
142,35,4
142,107,2
142,62,4
142,89,5
142,87,3
142,12,4
142,29,3
142,17,4
142,111,3
142,95,3
142,56,3
142,41,3
142,118,4
142,93,4
142,53,2
142,77,4
142,82,5
142,11,3
142,24,3
142,99,3
143,116,1
143,105,5
143,52,1
143,94,1
143,62,2
143,97,5
143,66,5
143,111,5
143,47,4
143,7,5
143,65,2
143,101,5
143,20,5
143,8,3
143,39,1
143,90,1
143,64,5
143,51,1
143,17,2
143,99,5
143,108,1
144,112,5
144,72,5
144,3,4
144,22,5
144,24,4
144,119,1
144,106,3
144,25,5
144,107,2
144,7,5
144,31,4
144,4,3
144,58,3
144,6,3
144,46,5
144,90,4
144,114,1
144,35,5
144,47,3
144,59,4
144,64,3
144,50,1
144,81,4
144,15,4
144,87,5
144,117,1
144,30,2
144,101,5
144,62,2
144,76,3
144,57,3
145,111,5
145,60,1
145,75,3
145,70,5
145,44,3
145,20,3
145,107,4
145,114,1
145,33,1
145,95,5
145,106,3
145,88,1
145,11,2
145,36,5
145,3,1
145,49,4
145,6,5
145,109,5
145,73,5
145,99,5
146,27,3
146,109,1
146,28,4
146,82,4
146,117,4
146,86,5
146,26,3
146,34,3
146,83,2
146,52,3
146,65,1
146,2,5
146,99,5
146,98,3
146,87,5
146,1,1
146,60,5
146,16,3
146,116,3
146,22,3
146,76,2
146,104,4
146,115,4
146,32,4
146,77,3
146,39,2
146,91,5
146,90,3
146,101,5
146,35,5
146,54,4
146,48,4
146,44,3
146,58,1
146,96,5
146,119,1
146,59,3
146,38,3
146,66,3
146,79,2
146,50,2
146,74,5
146,13,3
146,0,1
146,118,4
147,107,2
147,119,5
147,47,5
147,71,1
147,82,5
147,76,1
147,77,4
147,36,4
147,38,3
147,87,2
147,13,2
147,61,3
147,8,1
147,43,5
147,35,4
147,81,1
147,41,3
147,105,5
147,33,2
147,83,1
147,91,4
147,100,1
147,111,2
147,24,3
147,19,5
147,66,3
147,30,3
147,7,5
147,114,4
147,51,3
147,84,2
147,40,1
147,110,5
147,17,1
147,3,5
147,98,2
148,37,5
148,33,2
148,116,5
148,53,1
148,51,2
148,49,2
148,94,1
148,4,3
148,74,5
148,90,1
148,73,5
148,104,1
148,24,5
148,43,5
148,92,5
148,91,5
148,28,4
148,87,3
148,68,1
148,81,1
148,60,5
148,85,1
148,45,5
148,64,5
148,38,2
148,21,5
148,84,1
148,71,1
148,23,5
148,119,2
149,60,1
149,16,4
149,94,2
149,33,5
149,92,5
149,103,3
149,71,4
149,97,3
149,116,1
149,23,5
149,87,1
149,115,1
149,42,5
149,83,4
149,11,5
149,28,2
149,45,5
149,95,5
150,39,5
150,53,3
150,100,1
150,113,2
150,42,1
150,47,5
150,33,4
150,74,5
150,37,1
150,59,1
150,108,1
150,15,1
150,60,5
150,6,4
150,81,3
150,112,5
150,104,5
150,79,3
150,9,4
150,107,5
150,24,5
150,64,2
150,109,1
150,87,5
150,48,5
150,67,4
150,38,1
150,52,4
150,106,4
150,19,3
150,17,3
150,25,1
150,43,5
150,92,1
150,72,2
150,58,2
150,18,1
150,40,1
150,23,1
150,10,4
150,62,5
150,115,5
151,22,1
151,40,4
151,81,2
151,7,5
151,0,3
151,57,5
151,35,2
151,26,5
151,97,5
151,99,5
151,21,5
151,73,5
151,111,4
151,20,2
151,62,5
151,100,4
151,107,1
151,110,5
151,11,3
151,16,5
151,78,5
151,55,1
151,117,2
151,54,4
151,51,4
151,96,5
151,61,5
151,49,5
151,115,4
151,4,2
151,68,4
151,25,3
151,47,5
151,1,4
151,41,4
152,106,4
152,67,3
152,24,2
152,2,4
152,86,5
152,0,1
152,80,5
152,93,1
152,31,4
152,28,3
152,88,1
152,44,3
152,39,1
152,16,1
152,13,5
152,49,1
152,64,4
152,75,1
152,107,5
152,21,3
152,8,1
152,5,3
152,38,5
152,37,1
152,58,1
152,112,1
152,66,2
152,76,2
152,118,5
152,43,5
152,55,1
152,87,1
152,17,4
152,90,3
152,62,5
152,45,1
152,117,5
152,100,1
152,51,4
153,29,1
153,28,1
153,93,1
153,16,2
153,27,3
153,2,4
153,75,4
153,64,1
153,21,5
153,15,5
153,46,5
153,91,4
153,83,4
153,101,5
153,4,1
154,112,5
154,81,5
154,32,5
154,98,3
154,68,3
154,79,1
154,6,4
154,76,5
154,113,2
154,84,1
154,13,1
154,83,3
154,107,5
154,2,4
154,111,5
154,88,4
154,14,5
154,53,3
154,56,5
154,48,5
154,15,1
154,70,1
154,117,4
154,60,2
154,89,4
154,19,1
154,26,1
155,87,1
155,80,5
155,1,4
155,38,3
155,53,3
155,84,5
155,12,1
155,114,5
155,66,2
155,34,2
155,79,3
155,77,5
155,89,5
155,17,2
155,115,4
155,13,5
155,65,2
155,92,1
155,109,2
155,15,1
155,36,4
155,14,3
155,104,5
155,63,5
155,25,1
155,108,1
155,95,5
155,33,4
155,111,5
155,93,3
155,45,1
155,52,3
155,37,1
155,20,3
155,5,3
155,70,1
155,96,5
156,26,2
156,88,1
156,61,1
156,42,1
156,30,3
156,0,1
156,1,3
156,85,5
156,11,5
156,14,5
156,106,5
156,73,5
156,112,4
156,63,5
156,19,2
156,111,5
156,99,5
156,65,1
156,9,4
156,92,3
156,100,2
156,12,5
156,32,5
156,82,5
156,29,5
156,58,4
156,37,1
156,33,4
156,59,4
156,6,5
156,98,1
156,22,5
156,5,3
156,93,2
156,46,2
156,40,2
156,54,5
156,110,4
156,89,5
156,87,2
156,113,5
156,17,4
156,21,5
156,116,5
157,114,4
157,56,5
157,79,5
157,34,2
157,112,4
157,93,4
157,11,5
157,47,5
157,104,1
157,43,2
157,23,5
157,14,1
157,51,1
157,107,5
157,58,5
157,116,1
157,49,1
157,88,5
157,61,5
157,53,3
157,83,4
157,21,4
157,108,5
157,16,1
157,89,2
157,92,4
158,108,1
158,20,4
158,13,5
158,53,1
158,116,5
158,75,1
158,61,5
158,102,5
158,72,1
158,86,1
158,56,1
158,23,5
158,78,1
158,48,1
158,99,5
158,45,5
159,3,5
159,110,1
159,87,5
159,112,5
159,107,5
159,93,1
159,16,4
159,61,1
159,62,3
159,14,5
159,52,1
159,56,5
159,5,4
159,8,5
159,33,5
159,83,1
159,40,1
159,1,4
159,90,2
159,86,4
159,67,3
159,98,4
159,95,5
159,73,1
159,92,1
159,72,5
159,28,5
159,85,4
159,43,5
159,66,2
159,101,3
159,88,1
159,79,4
159,12,1
160,84,2
160,93,3
160,31,5
160,61,5
160,44,3
160,119,5
160,86,1
160,82,5
160,49,1
160,19,5
160,107,2
160,105,4
160,71,4
160,78,1
160,6,4
160,1,5
160,112,5
160,20,5
160,64,1
160,60,1
160,63,5
160,21,3
160,9,5
160,96,4
160,62,3
160,41,5
160,30,4
160,42,5
161,6,5
161,64,3
161,28,2
161,70,3
161,82,3
161,48,3
161,51,2
161,104,4
161,30,3
161,10,4
161,58,3
161,56,2
161,102,5
161,73,5
161,57,2
161,11,3
161,63,5
161,105,2
161,40,3
161,15,2
161,103,2
161,95,5
161,83,3
162,13,1
162,51,5
162,52,3
162,4,1
162,71,4
162,70,2
162,0,5
162,105,5
162,11,5
162,101,5
162,77,4
162,79,2
162,81,5
162,38,4
162,113,4
163,71,3
163,26,1
163,83,3
163,85,3
163,58,1
163,43,2
163,46,5
163,105,4
163,6,5
163,104,5
163,28,5
163,108,1
163,115,3
163,42,1
163,119,1
163,98,1
163,79,1
163,76,1
163,60,4
163,91,5
163,84,3
163,113,5
163,100,3
163,57,1
163,14,5
163,12,5
163,99,5
163,109,3
163,0,2
163,114,2
163,45,1
164,81,1
164,102,1
164,37,5
164,70,1
164,66,3
164,47,2
164,89,1
164,13,1
164,5,4
164,21,2
164,63,1
164,17,2
164,105,5
164,91,1
164,95,5
164,92,3
164,52,2
164,112,5
164,32,5
164,78,1
164,25,5
164,24,1
164,15,4
164,50,1
164,27,3
164,58,3
164,98,5
164,106,2
164,43,5
164,118,3
164,53,1
164,111,2
164,119,3
164,86,1
164,75,1
164,97,1
164,57,4
164,94,2
164,85,1
164,64,1
164,108,3
165,63,5
165,0,2
165,67,5
165,94,5
165,6,5
165,70,2
165,55,5
165,107,5
165,74,1
165,61,1
165,65,1
165,99,1
165,22,5
165,88,1
165,111,5
165,112,4
165,93,5
165,16,2
165,13,5
165,49,5
165,84,5
165,76,5
165,77,5
165,41,3
165,64,2
165,100,3
165,53,5
165,97,4
165,106,5
165,31,1
165,35,5
165,50,1
165,43,3
165,37,1
165,57,5
165,17,4
165,108,3
165,52,5
165,92,1
165,109,3
165,38,4
165,114,4
165,40,5
165,78,1
165,27,2
166,26,2
166,79,5
166,91,4
166,37,3
166,87,3
166,44,1
166,117,5
166,86,2
166,16,1
166,90,4
166,83,2
166,22,4
166,64,1
166,69,3
166,88,1
166,81,1
166,41,3
166,14,1
166,97,2
166,45,3
166,71,4
167,74,1
167,73,2
167,85,3
167,90,3
167,53,2
167,86,4
167,95,5
167,107,5
167,68,3
167,36,4
167,108,5
167,54,3
167,103,2
167,1,2
167,66,3
167,13,1
167,3,3
167,48,4
167,18,5
167,6,4
167,117,5
167,7,2
167,25,4
167,34,4
167,20,4
167,110,2
167,87,1
167,32,4
167,101,1
167,98,1
168,100,5
168,37,5
168,26,4
168,96,4
168,69,5
168,4,5
168,45,5
168,104,1
168,57,5
168,13,5
168,78,1
168,86,1
168,94,4
168,71,5
168,28,1
168,95,5
168,82,5
168,106,2
168,49,1
168,30,4
168,65,5
168,89,1
168,36,5
168,88,3
168,85,3
168,6,2
168,48,3
168,101,5
168,53,4
168,87,5
168,40,4
168,70,3
168,107,5
168,1,5
168,32,5
168,25,5
168,79,5
169,99,5
169,110,5
169,111,2
169,56,1
169,106,4
169,28,4
169,81,1
169,90,1
169,112,3
169,82,1
169,47,4
169,96,4
169,75,2
169,69,3
169,94,1
169,77,2
169,25,2
169,119,1
169,92,3
169,24,5
169,37,1
169,57,1
169,22,1
169,87,2
169,9,3
169,23,3
169,97,5
169,65,1
169,15,2
169,48,3
169,5,1
169,54,4
169,35,2
169,71,1
169,33,1
169,16,5
169,20,1
169,74,2
169,32,2
169,0,1
169,42,1
169,59,1
170,119,3
170,19,4
170,5,2
170,118,2
170,41,2
170,76,5
170,6,5
170,99,3
170,80,2
170,78,1
170,107,5
170,84,1
170,38,2
170,62,1
170,101,3
170,73,4
170,70,3
170,45,1
170,9,4
170,100,5
170,90,1
170,40,5
170,67,4
170,28,2
170,23,5
170,66,4
170,8,2
170,64,1
170,20,3
170,53,4
170,69,3
170,68,1
170,51,1
170,11,2
170,44,2
170,96,4
170,27,2
171,42,1
171,119,4
171,46,3
171,37,1
171,27,4
171,96,2
171,79,4
171,67,2
171,60,5
171,71,3
171,105,5
171,114,5
171,83,1
171,1,1
171,14,5
171,85,2
171,44,4
171,57,1
171,30,1
171,82,5
171,78,5
171,113,2
171,31,2
171,5,2
171,87,1
171,41,1
171,48,5
171,109,1
171,49,1
171,32,4
171,69,3
171,36,3
171,3,4
171,66,1
171,47,5
171,65,1
172,65,5
172,57,1
172,62,3
172,5,5
172,37,5
172,114,4
172,83,1
172,24,1
172,41,5
172,119,5
172,10,2
172,12,4
172,21,2
172,98,1
172,68,2
172,105,5
172,0,4
172,80,2
172,8,2
172,26,3
172,85,3
172,102,2
172,27,4
172,87,1
172,54,3
172,13,1
172,100,4
172,104,1
172,89,4
172,55,3
172,82,5
172,9,5
172,96,3
172,19,2
172,3,4
172,58,3
172,42,4
172,4,3
172,11,5
172,88,4
173,22,5
173,101,4
173,32,5
173,71,2
173,9,5
173,73,1
173,105,4
173,29,5
173,116,3
173,33,5
173,52,2
173,49,1
173,57,5
173,80,4
173,51,4
173,55,4
174,2,4
174,49,5
174,86,4
174,15,3
174,68,4
174,0,2
174,82,2
174,92,3
174,79,5
174,8,4
174,96,5
174,95,5
174,74,5
174,5,5
174,89,4
174,9,5
174,45,5
174,64,4
174,13,5
174,37,2
174,87,5
174,38,3
174,77,4
174,11,3
174,36,4
175,118,5
175,56,5
175,48,5
175,50,4
175,105,5
175,84,2
175,3,4
175,60,5
175,20,5
175,68,5
175,28,5
175,17,1
175,95,5
175,116,5
175,101,5
175,102,5
175,69,3
175,37,1
175,81,1
175,18,1
175,38,1
175,86,5
175,93,1
175,82,1
175,47,5
175,1,5
175,70,4
175,71,2
175,100,1
175,15,1
175,5,3
175,0,1
175,73,5
175,76,5
175,106,5
175,110,3
175,97,5
175,10,5
175,39,5
176,95,1
176,94,5
176,115,5
176,92,3
176,44,3
176,27,3
176,52,4
176,82,3
176,108,2
176,65,1
176,18,1
176,20,3
176,23,1
176,28,5
176,78,4
176,106,5
176,32,5
176,24,5
176,14,5
176,85,4
176,102,2
177,109,4
177,6,4
177,108,3
177,96,3
177,70,4
177,59,3
177,82,1
177,115,1
177,9,3
177,37,2
177,85,2
177,8,4
177,32,5
177,12,4
177,25,4
177,92,5
177,74,4
177,62,2
177,42,5
177,45,2
177,16,5
177,119,1
177,83,5
177,30,3
177,106,5
177,36,2
177,79,1
177,117,2
177,24,3
177,40,3
177,102,2
177,57,5
177,101,5
178,84,2
178,39,2
178,88,5
178,74,3
178,19,5
178,72,4
178,114,2
178,46,5
178,103,5
178,40,5
178,54,2
178,21,3
178,0,5
178,110,5
178,31,5
178,100,5
178,28,1
178,91,2
178,94,5
178,82,5
178,55,2
178,35,1
178,112,5
178,17,5
178,86,2
178,93,4
178,42,5
178,61,5
178,59,5
178,57,5
178,45,5
178,118,2
178,62,3
178,70,4
179,22,5
179,82,4
179,77,5
179,10,5
179,107,5
179,35,5
179,109,2
179,105,2
179,17,1
179,114,4
179,68,5
179,25,1
179,33,2
179,93,1
179,113,3
179,80,4
179,9,4
179,2,3
180,64,3
180,80,4
180,3,3
180,104,4
180,74,3
180,115,2
180,51,3
180,98,3
180,75,4
180,27,4
180,4,4
180,70,3
180,33,3
180,69,4
180,106,4
180,60,4
180,83,3
180,99,4
180,19,4
180,46,3
180,50,3
180,28,3
180,111,4
180,93,3
180,37,4
180,17,5
180,59,4
180,119,4
180,65,5
180,11,5
180,102,4
180,100,4
180,92,3
180,1,5
180,84,5
180,30,5
180,78,3
180,21,5
180,91,5
180,94,4
180,57,4
180,20,3
181,72,2
181,84,3
181,111,3
181,18,2
181,94,1
181,93,1
181,61,3
181,45,4
181,5,1
181,28,3
181,97,5
181,62,5
181,29,2
181,8,2
181,33,1
181,47,5
181,85,3
181,26,3
181,66,4
181,116,4
182,46,5
182,49,1
182,60,5
182,58,3
182,112,2
182,5,5
182,114,5
182,83,1
182,41,4
182,13,5
182,90,5
182,66,2
182,81,3
182,106,3
182,35,5
182,94,4
182,33,4
182,74,4
182,69,1
182,72,2
182,22,5
182,48,4
182,115,4
182,98,3
182,119,5
182,75,1
182,97,1
182,9,5
182,108,5
182,32,5
182,96,5
182,28,5
182,91,5
182,51,5
182,45,4
182,44,3
182,62,4
182,61,4
182,77,5
182,0,2
183,112,3
183,17,5
183,56,5
183,21,3
183,29,3
183,9,5
183,65,2
183,82,5
183,35,5
183,27,3
183,19,1
183,23,1
183,20,2
183,46,2
183,77,5
183,91,5
183,15,1
183,84,5
183,115,4
183,53,5
183,42,5
183,92,2
183,14,1
183,61,3
183,86,5
183,96,5
183,94,5
183,26,2
183,75,2
183,107,5
183,119,4
184,52,2
184,2,5
184,31,5
184,5,5
184,16,5
184,73,1
184,75,5
184,20,5
184,17,3
184,80,2
184,65,2
184,116,2
184,114,4
184,18,4
184,7,5
184,21,1
184,33,5
184,23,2
184,66,4
184,51,3
184,76,1
184,72,5
184,81,5
184,118,2
184,92,5
184,93,1
184,84,2
184,36,1
184,10,1
184,27,5
184,57,2
184,77,2
184,60,3
184,61,1
184,104,2
184,28,5
184,119,1
184,99,5
184,106,4
184,74,5
184,102,1
185,84,2
185,65,5
185,33,2
185,21,2
185,92,5
185,87,5
185,43,5
185,58,2
185,76,3
185,75,1
185,8,3
185,29,4
185,48,2
185,49,2
185,16,2
185,13,4
185,2,4
185,25,5
185,66,4
185,64,2
185,114,3
185,53,2
185,19,5
185,77,2
185,12,5
185,22,3
185,60,2
185,78,1
185,111,2
185,4,1
185,68,3
185,100,2
185,15,5
185,11,4
186,84,5
186,16,3
186,115,4
186,77,3
186,69,2
186,105,2
186,0,3
186,99,3
186,86,5
186,83,2
186,55,1
186,66,4
186,53,2
186,47,2
186,5,4
186,89,4
186,67,4
186,54,5
186,29,3
186,61,5
186,98,3
186,48,3
186,44,3
186,75,4
186,94,5
186,104,4
186,73,3
186,12,5
186,102,1
186,17,5
187,61,1
187,98,1
187,29,5
187,116,2
187,109,1
187,10,1
187,36,2
187,76,1
187,69,1
187,52,1
187,32,3
187,24,1
187,0,1
187,90,2
187,95,3
187,101,1
187,107,1
187,73,1
187,66,1
187,15,2
187,104,1
187,103,5
187,48,1
188,26,4
188,88,2
188,102,5
188,40,1
188,52,2
188,46,5
188,13,5
188,19,5
188,54,2
188,83,5
188,74,5
188,32,2
188,33,1
188,68,4
188,111,1
188,72,2
188,114,2
188,78,5
188,35,1
188,87,5
188,50,5
188,96,5
188,119,1
188,115,4
188,70,5
188,71,1
188,61,5
188,22,1
188,47,3
188,94,1
188,90,3
188,93,1
188,108,1
188,39,2
188,73,5
189,99,3
189,90,3
189,50,1
189,94,5
189,17,3
189,109,3
189,110,2
189,84,3
189,15,2
189,95,5
189,29,5
189,57,4
189,100,5
189,89,4
189,20,5
189,12,3
189,27,3
189,65,2
189,51,1
189,107,5
189,43,4
189,70,2
189,78,2
189,106,5
189,87,3
189,118,2
190,20,2
190,49,2
190,81,1
190,0,2
190,102,1
190,11,2
190,105,1
190,18,1
190,60,2
190,118,5
190,76,1
190,55,1
190,8,2
190,33,1
190,28,3
190,47,1
191,77,5
191,4,5
191,92,1
191,49,4
191,119,4
191,51,4
191,78,3
191,83,1
191,66,2
191,36,4
191,91,5
191,76,4
191,7,2
191,99,3
191,104,5
191,22,2
191,81,3
192,56,3
192,1,1
192,25,1
192,108,1
192,84,5
192,102,4
192,66,4
192,36,3
192,24,5
192,4,3
192,100,1
192,76,3
192,65,1
192,113,5
192,89,5
192,29,2
192,78,5
192,21,5
192,86,5
192,110,1
192,46,3
192,30,3
192,83,3
192,0,1
192,20,1
192,11,2
192,35,4
192,51,5
192,45,1
192,85,5
193,51,1
193,75,5
193,25,5
193,66,4
193,1,5
193,94,1
193,90,3
193,8,1
193,11,3
193,70,4
193,36,4
193,92,5
193,106,3
193,71,1
193,74,3
193,44,2
193,104,1
193,35,3
193,28,1
193,77,2
193,24,4
193,58,5
193,119,5
193,73,3
193,0,5
193,33,1
193,22,5
194,64,2
194,13,5
194,71,5
194,9,5
194,119,5
194,37,1
194,43,5
194,14,3
194,102,5
194,65,2
194,32,3
194,68,5
194,104,5
194,101,1
194,73,5
194,109,5
194,88,1
194,56,5
194,48,4
194,72,1
194,61,1
194,98,1
194,31,1
194,96,4
194,113,5
194,58,5
194,87,1
194,94,2
195,75,5
195,110,5
195,3,1
195,61,5
195,14,5
195,33,1
195,8,1
195,48,1
195,81,1
195,100,5
195,28,1
195,86,1
195,89,2
195,29,4
195,102,5
195,40,2
195,52,2
195,45,5
195,66,5
195,68,1
195,1,5
195,107,2
195,114,3
195,31,5
195,36,5
195,11,4
195,51,2
195,108,1
195,43,5
195,9,5
195,70,4
195,22,3
195,60,3
195,104,1
195,105,5
195,27,4
195,73,4
195,34,2
195,23,5
195,24,5
195,63,5
195,25,5
195,30,4
196,30,4
196,111,5
196,33,3
196,26,2
196,29,3
196,25,1
196,106,5
196,31,3
196,107,5
196,79,3
196,45,1
196,19,2
196,99,5
196,13,4
196,15,1
196,10,2
196,86,5
196,84,2
196,63,5
196,78,3
196,0,1
196,97,5
196,69,3
196,5,2
196,61,1
196,47,5
196,110,4
196,40,3
196,101,5
196,73,5
196,35,4
196,62,3
196,23,4
196,65,2
196,89,5
196,50,2
196,28,4
196,90,1
197,6,5
197,67,4
197,102,1
197,54,5
197,61,2
197,69,4
197,4,3
197,64,5
197,44,3
197,50,1
197,110,5
197,87,3
197,99,5
197,22,3
197,58,3
197,15,5
197,89,3
197,66,5
197,40,4
198,1,5
198,119,4
198,86,5
198,26,3
198,48,5
198,74,2
198,12,3
198,41,2
198,46,1
198,78,2
198,33,2
198,23,1
198,70,4
198,109,3
198,30,4
198,34,1
198,60,5
198,110,1
198,43,5
198,111,5
198,108,1
198,63,5
198,54,5
198,116,3
198,53,4
198,89,5
198,47,5
198,100,3
198,51,4
198,35,5
198,57,5
198,99,4
198,73,5
198,16,3
198,87,4
198,29,1
198,113,5
199,34,4
199,102,1
199,30,1
199,71,3
199,55,5
199,109,1
199,48,1
199,25,5
199,18,5
199,118,2
199,94,5
199,19,1
199,60,1
199,103,4
199,1,2
199,22,5
199,53,1
199,63,1
199,17,4
199,80,4
199,66,3
199,68,1
199,92,5
199,40,2
199,62,1
199,38,2
199,32,5
199,116,1
199,72,5
199,6,1
199,50,1
199,12,2
199,20,5
199,7,5
199,27,3
199,93,5
199,107,1
199,100,4
200,57,1
200,95,5
200,42,2
200,33,2
200,46,3
200,71,5
200,119,4
200,103,2
200,32,4
200,44,3
200,2,3
200,52,1
200,15,2
200,111,4
200,86,4
200,77,3
200,25,3
200,73,5
201,83,1
201,119,5
201,68,5
201,22,2
201,99,4
201,36,5
201,45,1
201,41,5
201,86,5
201,65,3
201,62,5
201,115,4
201,94,2
201,57,1
201,10,5
201,48,5
201,78,5
201,114,5
201,59,5
201,80,5
201,18,4
201,21,5
201,81,3
201,43,5
201,53,3
201,100,3
201,103,3
201,73,5
201,51,2
201,9,5
201,105,2
201,20,1
201,96,5
202,40,2
202,119,3
202,83,5
202,37,5
202,90,5
202,34,1
202,77,1
202,82,1
202,50,5
202,114,1
202,56,1
202,99,5
202,46,5
202,95,5
202,75,5
202,66,5
202,57,4
202,52,1
202,21,4
202,23,5
202,2,1
202,16,4
203,30,2
203,84,3
203,32,5
203,95,5
203,89,5
203,116,2
203,10,3
203,26,1
203,21,3
203,50,1
203,13,1
203,12,3
203,8,5
203,60,5
203,70,1
203,6,2
203,3,4
203,98,1
203,110,1
203,67,3
203,97,5
203,113,3
203,109,1
203,33,5
203,79,1
203,19,1
203,102,4
203,83,1
203,49,4
203,39,5
203,29,5
203,31,1
203,36,2
203,56,5
203,80,2
203,16,5
203,118,5
203,100,2
204,21,4
204,3,1
204,4,4
204,84,5
204,45,1
204,110,3
204,41,4
204,114,3
204,60,4
204,59,4
204,69,2
204,34,5
204,70,2
204,56,1
204,17,4
204,89,5
204,109,2
204,22,3
204,75,4
204,76,2
204,58,1
204,80,3
204,95,3
204,81,5
204,72,5
204,55,1
204,67,5
204,96,3
204,92,4
204,68,4
204,39,1
204,44,3
204,61,1
204,103,1
204,29,5
204,11,4
204,106,5
204,104,5
204,46,3
204,52,2
204,33,5
205,38,2
205,1,4
205,0,3
205,66,3
205,104,1
205,97,4
205,108,3
205,17,2
205,44,3
205,36,3
205,60,2
205,68,1
205,88,2
205,118,3
205,62,4
205,96,4
205,61,5
205,98,4
205,55,1
206,37,4
206,76,3
206,29,4
206,101,1
206,0,3
206,70,1
206,47,5
206,24,1
206,52,2
206,71,5
206,55,3
206,50,2
206,31,1
206,20,5
206,91,5
206,94,2
206,82,5
206,49,1
206,48,3
206,28,1
206,33,3
206,10,4
206,54,3
206,80,4
206,30,2
206,66,1
206,78,1
206,88,1
206,87,1
206,34,2
206,36,4
206,83,1
206,68,4
206,90,3
206,111,4
206,112,1
206,8,1
206,23,2
206,17,1
206,119,5
207,81,1
207,58,4
207,79,5
207,57,5
207,34,1
207,89,4
207,62,2
207,24,1
207,41,5
207,2,3
207,19,5
207,6,5
207,68,2
207,23,5
207,13,5
207,36,5
207,16,1
207,91,5
208,93,1
208,1,5
208,29,1
208,11,3
208,19,5
208,118,5
208,63,5
208,27,4
208,43,5
208,53,3
208,39,4
208,100,2
208,102,5
208,113,5
208,47,5
208,59,2
208,89,5
208,101,4
208,4,5
208,42,1
208,10,5
208,96,5
208,18,3
208,7,3
208,34,1
208,50,5
208,9,5
208,69,4
208,60,5
209,24,2
209,114,5
209,107,2
209,32,3
209,104,2
209,48,3
209,106,4
209,1,1
209,15,2
209,98,1
209,91,5
209,31,4
209,49,1
209,56,1
209,94,1
209,4,2
209,25,2
209,58,1
209,12,4
209,66,2
210,26,3
210,60,3
210,49,5
210,87,2
210,39,2
210,41,4
210,20,1
210,80,4
210,93,4
210,5,3
210,95,2
210,70,3
210,66,3
210,15,4
210,32,5
210,61,5
210,81,4
210,38,4
210,25,1
210,46,2
210,6,5
210,85,5
210,27,1
210,14,1
210,30,3
210,103,1
210,55,2
210,114,1
210,1,3
210,21,3
210,35,3
210,74,1
210,106,4
210,50,1
210,31,3
210,91,4
211,74,2
211,100,1
211,88,1
211,60,5
211,76,1
211,19,1
211,47,4
211,98,1
211,11,4
211,31,3
211,20,1
211,63,1
211,87,1
211,79,1
211,43,5
211,119,1
212,80,4
212,7,3
212,118,5
212,45,2
212,82,1
212,19,1
212,89,4
212,68,5
212,101,5
212,13,2
212,16,5
212,62,5
212,29,5
212,40,1
212,71,1
212,100,2
212,115,5
212,96,5
212,44,3
212,56,4
212,93,4
212,24,5
212,2,5
212,88,5
212,48,5
212,116,4
212,92,5
212,17,4
212,32,5
212,5,5
212,108,2
212,104,5
212,105,5
212,37,1
212,69,2
212,113,3
212,98,5
212,72,5
212,23,3
213,44,3
213,41,3
213,93,5
213,59,3
213,35,1
213,111,5
213,106,5
213,76,5
213,110,5
213,70,5
213,20,1
213,8,2
213,67,5
213,19,1
213,57,5
213,37,2
213,33,2
213,69,3
213,46,2
213,58,1
213,0,1
213,81,5
213,64,1
213,48,2
213,117,2
213,23,3
213,2,4
213,79,1
213,101,5
213,92,5
213,30,5
213,118,1
214,8,4
214,84,3
214,68,5
214,104,2
214,49,1
214,24,4
214,67,1
214,87,4
214,63,1
214,98,2
214,70,1
214,19,2
214,78,4
214,36,2
214,41,4
214,52,2
214,82,5
214,105,4
214,14,3
214,12,5
214,66,3
214,118,5
214,119,2
214,5,5
214,16,4
214,22,5
214,4,1
214,25,4
214,13,1
214,62,4
214,114,5
214,100,1
214,93,1
214,73,1
214,103,5
214,115,4
214,90,5
214,113,2
215,89,1
215,75,5
215,32,3
215,6,5
215,46,5
215,28,5
215,77,1
215,91,3
215,9,2
215,1,1
215,26,4
215,83,4
215,62,5
215,106,3
215,10,1
215,59,4
215,102,1
215,81,5
215,7,5
215,115,5
215,71,1
215,95,1
215,53,1
215,47,1
215,90,3
215,101,5
215,78,5
215,34,5
215,67,3
215,5,3
215,111,2
215,38,4
215,119,1
215,27,2
216,66,5
216,12,4
216,118,1
216,92,5
216,29,5
216,68,1
216,49,1
216,24,2
216,112,3
216,67,1
216,84,1
216,31,5
216,72,5
216,80,1
216,22,5
216,71,2
216,95,5
216,104,1
216,53,1
216,103,5
216,13,1
216,98,1
216,81,1
216,73,1
216,45,5
216,86,1
216,58,4
216,89,1
216,85,1
216,54,1
216,99,5
216,21,5
216,23,5
216,70,2
216,51,1
216,64,5
216,43,5
216,20,5
216,114,3
216,76,3
216,56,1
216,100,5
216,40,1
216,94,1
216,41,5
217,47,1
217,52,4
217,97,5
217,81,5
217,55,2
217,105,3
217,92,5
217,41,5
217,77,1
217,30,5
217,72,5
217,69,2
217,27,1
217,48,3
217,98,4
217,70,5
217,95,1
217,32,4
217,46,5
217,57,5
217,100,4
217,50,1
217,0,2
217,113,5
217,4,1
217,36,1
217,76,3
217,2,5
217,66,5
217,17,5
217,38,3
217,117,2
217,89,1
217,28,5
217,107,1
217,40,5
217,96,5
217,35,4
217,104,5
217,65,1
217,71,1
217,73,5
218,73,5
218,19,4
218,12,5
218,4,5
218,58,5
218,45,5
218,118,4
218,17,1
218,33,5
218,46,5
218,74,5
218,31,5
218,29,5
218,32,5
218,103,4
218,38,2
218,11,5
218,119,4
218,51,2
218,72,5
218,27,5
218,93,1
218,9,5
218,92,4
218,41,1
218,61,1
218,22,5
218,62,5
218,88,3
218,89,5
218,102,5
218,117,1
218,76,5
218,82,1
218,104,2
218,116,5
218,90,2
218,48,5
218,10,2
218,7,4
218,42,1
218,44,4
218,55,4
218,53,3
219,111,5
219,15,2
219,119,1
219,98,5
219,29,4
219,95,3
219,83,5
219,108,4
219,77,2
219,1,5
219,81,5
219,99,4
219,80,5
219,48,5
219,6,4
219,39,5
219,67,5
219,5,4
219,40,5
219,69,3
219,72,5
219,19,1
219,41,3
219,64,1
219,89,3
219,28,5
219,116,1
219,105,5
219,86,5
219,50,1
219,57,5
219,76,5
219,73,5
219,96,5
219,11,4
219,94,5
219,55,5
219,37,1
219,90,2
219,18,1
219,16,5
219,43,5
219,10,2
219,60,4
220,95,1
220,6,5
220,70,3
220,51,3
220,33,3
220,10,2
220,116,2
220,64,5
220,55,1
220,99,4
220,89,3
220,16,5
220,97,5
220,17,4
220,61,2
220,71,1
220,25,2
220,62,4
220,50,1
220,83,4
220,73,5
220,103,4
220,104,4
220,78,5
220,94,1
220,67,4
220,31,5
220,93,1
220,9,1
220,34,5
220,111,3
220,41,3
220,87,3
221,73,5
221,11,3
221,14,5
221,85,3
221,52,3
221,54,1
221,46,3
221,44,2
221,24,4
221,41,3
221,112,5
221,76,5
221,83,5
221,3,2
221,98,5
221,39,4
221,21,5
221,109,5
221,78,1
221,56,3
221,79,5
221,18,5
221,100,5
221,5,3
221,29,1
221,25,3
221,87,5
221,47,5
221,19,5
221,10,5
221,117,2
221,6,5
221,31,4
221,99,5
221,105,4
221,36,5
221,1,5
221,43,5
221,89,1
221,104,1
221,57,5
221,60,3
221,2,2
221,42,2
222,94,5
222,68,5
222,27,3
222,26,1
222,69,1
222,66,1
222,96,4
222,33,2
222,70,1
222,61,3
222,79,4
222,93,2
222,18,2
222,88,1
222,89,5
222,85,5
222,2,4
222,48,5
222,74,1
222,115,2
222,84,4
223,5,5
223,32,4
223,21,1
223,7,5
223,36,3
223,25,3
223,101,3
223,89,1
223,79,5
223,34,1
223,6,2
223,59,2
223,83,1
223,1,5
223,8,1
223,49,1
223,84,1
223,110,1
223,103,5
223,113,3
223,46,4
223,13,5
223,2,3
223,37,5
223,107,1
223,104,1
223,29,1
223,48,1
223,65,5
223,90,5
223,12,2
224,40,4
224,62,2
224,110,2
224,76,3
224,68,2
224,11,5
224,23,2
224,25,4
224,64,5
224,58,3
224,71,5
224,91,4
224,2,5
224,5,3
224,31,5
224,67,5
224,39,3
224,42,5
224,118,1
224,50,1
224,95,5
224,20,5
224,107,5
224,44,4
224,87,1
224,45,1
224,94,5
224,80,2
224,38,4
224,30,2
224,111,5
224,35,5
224,7,2
224,92,5
224,32,5
224,49,4
224,3,2
224,109,4
224,88,5
224,28,5
224,19,1
224,43,2
224,100,5
225,17,3
225,11,5
225,93,1
225,48,5
225,66,3
225,86,4
225,78,4
225,111,4
225,80,3
225,87,4
225,29,5
225,53,1
225,30,2
225,73,1
225,19,2
225,54,2
225,39,3
225,77,4
225,42,2
225,57,2
225,69,2
225,16,5
225,26,2
225,83,1
225,119,5
225,74,5
225,99,4
225,110,2
225,25,5
225,95,5
225,103,5
225,88,5
225,67,3
225,90,5
225,55,3
225,18,5
226,119,2
226,72,4
226,117,4
226,20,4
226,40,1
226,8,4
226,71,2
226,68,4
226,92,5
226,15,5
226,23,5
226,115,4
226,107,3
226,18,1
226,93,2
226,3,4
226,97,5
226,108,2
226,52,3
226,101,5
226,38,2
226,56,2
226,95,3
226,81,3
226,94,4
226,35,4
226,19,4
226,24,5
226,13,4
226,16,5
226,109,3
226,104,3
226,78,5
226,87,5
226,34,4
227,72,5
227,78,5
227,29,5
227,76,5
227,117,1
227,115,1
227,87,5
227,3,1
227,45,1
227,10,1
227,88,2
227,99,5
227,61,1
227,17,1
227,64,5
227,77,2
227,60,4
227,91,4
227,83,5
227,47,5
227,23,3
227,49,5
227,62,3
227,103,1
227,106,5
227,20,5
227,24,5
227,28,5
227,4,5
227,52,1
227,1,2
227,34,5
227,90,1
227,92,3
228,85,2
228,25,5
228,96,3
228,26,4
228,8,3
228,22,5
228,56,4
228,110,1
228,78,1
228,62,1
228,88,4
228,41,5
228,58,5
228,31,3
228,54,1
228,51,4
228,99,1
228,5,5
228,77,3
228,94,4
228,48,2
228,92,3
228,40,2
228,50,3
228,111,4
228,73,1
228,76,4
228,68,1
228,67,1
228,82,5
228,4,3
228,66,3
228,13,2
228,57,4
228,107,5
228,102,1
228,106,1
228,109,3
229,50,1
229,94,5
229,5,4
229,71,4
229,49,5
229,66,4
229,97,5
229,80,4
229,6,4
229,24,5
229,37,1
229,56,3
229,119,1
229,38,3
229,99,4
229,36,4
229,59,3
229,21,3
229,54,5
229,109,1
229,78,5
229,111,4
229,88,2
229,114,3
229,18,1
229,103,1
229,82,5
229,57,4
229,11,4
229,64,5
229,14,4
229,23,1
230,74,5
230,114,1
230,89,1
230,69,3
230,17,4
230,50,5
230,52,3
230,41,2
230,57,5
230,3,3
230,22,1
230,58,5
230,75,1
230,91,5
230,25,2
230,108,1
230,11,1
230,32,2
230,112,5
230,88,1
230,83,5
230,106,1
230,20,1
230,98,5
230,93,1
230,15,5
230,103,5
230,14,4
230,90,5
230,111,1
230,81,1
230,46,4
230,10,5
230,67,3
230,49,5
230,65,5
230,78,1
230,97,5
230,48,1
231,48,3
231,5,3
231,98,5
231,21,5
231,42,1
231,72,1
231,111,2
231,84,4
231,110,3
231,19,5
231,20,1
231,18,1
231,22,1
231,117,4
231,91,5
231,6,5
231,53,2
231,39,2
231,102,1
231,93,4
231,106,3
231,57,5
231,36,2
231,80,4
231,23,1
231,15,5
231,16,4
231,25,1
231,0,1
231,79,2
231,32,3
231,1,1
232,63,1
232,109,1
232,119,5
232,69,2
232,103,5
232,0,1
232,77,3
232,112,4
232,117,3
232,30,1
232,27,4
232,75,1
232,84,1
232,60,1
232,58,3
232,52,1
232,56,4
232,10,1
232,76,1
232,101,5
232,114,4
232,31,3
232,70,1
232,35,5
232,79,5
232,80,1
232,71,1
232,26,1
232,6,1
233,18,3
233,7,5
233,83,4
233,44,4
233,4,2
233,109,5
233,85,5
233,73,4
233,107,3
233,77,4
233,38,5
233,42,1
233,117,4
233,11,2
233,6,5
233,13,5
233,53,2
233,22,1
233,20,1
233,86,5
234,78,4
234,84,5
234,88,3
234,89,5
234,76,5
234,73,4
234,100,4
234,71,5
234,22,5
234,58,3
234,95,5
234,74,3
234,46,3
234,4,5
234,11,5
234,98,3
234,38,3
234,41,3
234,47,5
234,48,5
234,8,4
234,97,5
234,54,5
234,70,3
235,37,5
235,60,1
235,17,1
235,15,1
235,88,4
235,110,1
235,35,5
235,42,5
235,67,1
235,52,2
235,26,1
235,89,1
235,78,1
235,7,1
235,13,1
235,73,1
235,93,1
236,67,5
236,11,4
236,61,5
236,92,2
236,88,4
236,77,4
236,100,4
236,90,5
236,36,4
236,54,5
236,114,3
236,108,5
236,40,5
236,33,5
236,119,3
236,73,3
236,79,2
236,45,1
236,16,1
236,78,1
236,72,1
236,63,5
236,66,3
236,93,5
236,80,5
236,98,4
236,94,5
236,23,2
236,113,5
236,29,1
236,37,3
236,24,1
236,0,4
236,15,4
236,3,2
237,80,5
237,101,4
237,15,3
237,94,5
237,108,4
237,26,2
237,102,1
237,78,4
237,53,3
237,52,4
237,5,4
237,42,5
237,44,3
237,71,4
237,103,1
237,81,5
237,27,2
237,1,1
237,104,5
237,25,2
237,88,5
237,36,2
237,32,5
237,8,4
237,39,3
237,38,4
237,64,5
237,70,2
237,41,5
238,0,5
238,14,3
238,87,5
238,42,5
238,43,2
238,50,2
238,92,5
238,72,5
238,78,1
238,3,1
238,106,3
238,22,5
238,24,1
238,116,1
238,115,1
238,86,1
238,61,5
238,60,1
238,4,4
238,82,2
238,17,5
238,103,2
238,19,4
238,80,3
238,58,5
238,68,1
238,109,5
238,59,5
238,52,3
238,7,5
238,66,5
238,38,4
238,112,5
238,104,1
238,40,5
238,71,5
238,94,5
238,2,2
238,26,4
239,87,5
239,42,1
239,102,1
239,113,5
239,101,5
239,45,4
239,8,3
239,19,1
239,35,2
239,107,1
239,3,1
239,43,2
239,48,3
239,80,3
239,68,1
239,21,4
239,73,5
239,77,1
239,49,5
239,23,4
239,76,5
239,14,5
239,96,5
239,39,2
239,90,3
239,40,5
239,95,1
239,4,1
239,34,5
239,52,4
239,11,2
239,63,5
239,30,5
240,57,2
240,106,3
240,38,1
240,27,5
240,67,1
240,117,2
240,22,5
240,14,5
240,47,4
240,100,1
240,4,5
240,99,4
240,25,4
240,11,5
240,56,3
240,64,4
240,3,5
240,102,4
240,61,1
240,104,1
240,19,2
240,24,3
240,43,5
240,101,5
240,93,1
240,115,1
241,99,1
241,41,5
241,18,1
241,98,5
241,111,3
241,12,2
241,105,1
241,66,3
241,86,3
241,16,1
241,26,3
241,92,4
241,4,1
241,58,1
241,49,5
241,91,1
241,112,5
241,14,1
241,0,2
241,39,4
241,5,3
241,87,5
241,76,4
241,11,3
242,59,5
242,113,5
242,5,3
242,13,3
242,66,2
242,98,1
242,84,5
242,95,3
242,39,1
242,2,5
242,73,2
242,97,2
242,111,3
242,81,5
242,26,3
242,41,5
242,25,1
242,24,1
242,36,5
242,35,5
242,68,5
242,40,2
242,56,2
242,85,5
242,15,1
243,19,3
243,20,1
243,35,3
243,14,1
243,1,5
243,79,1
243,71,5
243,65,3
243,13,5
243,26,5
243,69,2
243,44,3
243,70,5
243,40,5
243,34,2
243,18,1
243,90,4
243,102,1
243,36,3
243,73,5
243,31,5
243,21,4
243,9,4
244,78,1
244,114,1
244,43,3
244,69,5
244,56,2
244,6,4
244,16,3
244,3,2
244,60,1
244,86,1
244,118,1
244,13,2
244,49,3
244,109,5
244,11,4
244,54,1
244,50,3
244,22,4
244,90,5
244,76,5
244,75,4
244,80,1
244,88,5
244,89,1
245,78,3
245,45,2
245,39,1
245,42,5
245,104,5
245,25,4
245,91,2
245,97,5
245,85,3
245,103,1
245,68,1
245,10,1
245,96,4
245,112,5
245,59,5
245,72,5
245,16,5
245,11,4
245,89,1
245,105,4
245,12,5
245,58,1
245,117,2
245,87,2
245,82,1
245,90,3
245,100,5
245,60,1
245,29,4
246,28,2
246,18,1
246,110,1
246,114,3
246,78,1
246,33,1
246,46,2
246,50,5
246,23,1
246,89,3
246,85,3
246,42,1
246,100,1
246,41,1
246,58,2
246,62,4
246,3,5
246,8,1
246,60,4
246,14,1
246,44,2
246,61,5
246,59,1
246,21,4
246,36,3
246,99,2
246,77,4
246,73,1
246,16,1
246,65,5
246,13,5
246,51,5
246,117,5
246,106,1
246,71,2
246,83,1
246,9,5
246,38,2
246,68,5
246,97,1
246,88,1
246,75,1
246,52,3
246,30,2
246,31,3
247,20,4
247,61,5
247,49,2
247,8,1
247,43,3
247,26,5
247,104,4
247,88,5
247,75,5
247,55,3
247,100,5
247,110,5
247,72,5
247,109,5
247,115,2
247,69,5
247,112,3
247,30,4
247,22,4
247,84,5
247,85,5
247,9,5
247,94,5
247,91,5
247,73,2
247,62,4
247,14,2
247,111,5
247,76,4
247,59,5
247,41,5
247,71,5
248,105,5
248,56,4
248,22,5
248,39,4
248,51,3
248,8,3
248,76,5
248,13,3
248,87,5
248,104,2
248,98,5
248,48,2
248,41,5
248,63,5
248,82,4
248,84,2
248,7,5
248,11,5
249,104,1
249,17,5
249,113,5
249,74,3
249,115,2
249,96,4
249,81,1
249,103,5
249,0,4
249,18,5
249,84,5
249,19,5
249,57,1
249,68,2
249,37,5
249,49,2
249,78,5
249,73,3
249,25,5
249,26,5
249,87,1
250,40,3
250,38,5
250,72,2
250,101,2
250,86,5
250,118,4
250,55,1
250,91,5
250,44,4
250,11,3
250,74,2
250,1,4
250,78,5
250,65,2
250,51,3
250,16,5
250,37,1
250,7,2
250,47,5
250,70,4
250,6,5
250,0,1
250,90,1
250,71,5
250,45,1
250,14,4
250,36,5
250,3,1
250,30,4
250,113,5
250,89,5
250,75,3
250,50,3
250,80,5
250,119,3
250,48,5
250,105,4
250,84,5
250,97,5
250,69,3
250,27,3
250,22,3
250,60,5
251,24,3
251,71,5
251,49,5
251,107,5
251,118,1
251,46,1
251,53,4
251,19,1
251,36,5
251,111,5
251,85,5
251,16,5
251,17,3
251,1,2
251,9,4
251,82,5
251,2,5
251,18,2
251,92,1
252,62,5
252,84,1
252,55,1
252,17,3
252,10,3
252,116,5
252,82,1
252,103,5
252,53,1
252,110,5
252,58,1
252,100,1
252,89,1
252,77,2
252,54,1
252,79,5
252,23,5
252,109,1
252,65,5
252,105,1
252,70,5
252,57,5
252,49,3
252,45,5
252,28,4
252,112,5
252,108,1
252,106,1
252,0,1
252,73,3
252,63,1
252,30,5
252,64,1
252,34,1
252,52,2
252,69,1
252,90,5
252,46,5
252,4,1
252,81,1
252,72,1
252,61,5
252,47,1
253,74,5
253,61,5
253,88,5
253,10,1
253,18,4
253,93,1
253,67,2
253,109,5
253,96,5
253,99,5
253,35,1
253,59,4
253,66,5
253,113,5
253,78,5
253,11,2
253,31,5
253,60,1
254,94,5
254,84,3
254,85,4
254,9,2
254,87,5
254,81,5
254,69,4
254,102,4
254,74,2
254,39,4
254,78,3
254,6,5
254,43,1
254,68,2
254,99,4
254,1,5
254,60,3
254,58,4
254,65,1
254,103,1
254,73,5
254,93,5
254,42,5
254,53,5
254,45,1
254,37,1
254,119,1
254,21,5
254,4,5
254,88,2
254,76,5
254,38,2
254,72,5
254,33,5
254,7,1
255,60,5
255,74,3
255,21,2
255,73,3
255,6,5
255,84,5
255,37,5
255,103,5
255,94,5
255,79,2
255,3,3
255,36,5
255,62,5
255,10,4
255,16,3
255,64,5
255,9,5
255,100,5
255,35,5
255,32,5
255,105,4
255,78,5
255,101,1
255,97,2
255,102,1
255,1,2
255,14,1
255,77,5
255,22,4
255,75,5
255,19,5
255,114,5
255,57,3
255,47,5
255,91,5
256,100,1
256,89,3
256,30,4
256,62,5
256,23,5
256,102,5
256,67,2
256,110,3
256,4,4
256,43,5
256,10,5
256,18,1
256,76,4
256,105,1
256,19,5
256,63,3
256,96,5
256,52,3
256,98,5
256,49,2
256,117,4
256,84,3
256,56,3
257,81,2
257,21,5
257,26,4
257,73,5
257,93,4
257,107,4
257,44,3
257,6,5
257,82,1
257,33,1
257,96,5
257,104,4
257,14,4
257,112,5
257,118,2
257,59,3
257,51,1
257,60,3
257,38,4
257,102,5
257,95,5
257,109,5
257,68,1
257,29,1
257,48,2
257,87,3
257,90,1
257,49,5
257,100,5
257,110,4
257,18,3
257,67,5
257,55,3
257,1,5
257,36,5
257,57,4
257,99,3
257,40,5
258,67,3
258,87,5
258,5,5
258,12,5
258,68,1
258,81,3
258,45,5
258,108,5
258,55,5
258,78,2
258,83,5
258,34,3
258,42,5
258,112,5
258,106,2
258,102,1
258,116,1
258,32,4
258,109,3
258,74,5
258,50,3
258,59,4
258,86,1
258,95,3
258,30,5
258,93,2
258,97,4
258,75,2
258,24,4
258,66,5
258,43,5
258,94,4
258,23,5
258,40,3
258,70,4
258,1,5
258,84,1
258,8,3
258,101,5
258,52,3
258,103,5
258,119,2
258,13,1
258,57,5
258,44,1
259,92,1
259,36,4
259,32,4
259,24,3
259,4,3
259,3,4
259,79,5
259,11,5
259,7,3
259,76,1
259,84,2
259,106,4
259,27,5
259,110,4
259,81,1
259,15,1
259,90,2
259,104,1
259,112,2
259,77,4
259,16,4
259,48,3
260,97,5
260,115,1
260,82,1
260,72,5
260,102,3
260,23,5
260,14,5
260,89,1
260,114,1
260,32,5
260,37,5
260,59,5
260,84,2
260,9,5
260,81,3
260,58,5
260,35,4
260,98,5
260,54,2
260,88,5
260,85,2
260,118,1
260,41,5
260,110,5
260,20,5
260,106,4
260,103,4
260,7,5
260,48,3
260,49,5
260,42,5
260,92,5
260,33,5
260,87,5
260,22,5
260,56,3
261,62,4
261,118,1
261,25,2
261,78,5
261,50,1
261,22,1
261,82,2
261,13,1
261,18,4
261,69,5
261,98,1
261,55,1
261,27,2
261,116,1
261,56,1
261,91,5
261,33,5
262,4,1
262,9,3
262,73,3
262,93,2
262,32,4
262,99,5
262,57,5
262,2,5
262,114,2
262,63,1
262,19,2
262,83,5
262,81,5
262,0,1
262,119,1
262,85,2
262,49,5
262,34,5
263,89,5
263,42,3
263,115,1
263,50,1
263,73,5
263,0,4
263,65,2
263,90,1
263,98,1
263,62,5
263,61,1
263,55,2
263,51,1
263,108,3
263,93,2
263,99,5
263,103,1
263,100,5
263,8,3
264,28,2
264,0,2
264,49,2
264,88,2
264,104,1
264,99,5
264,61,5
264,15,5
264,72,2
264,68,1
264,45,5
264,42,1
264,87,5
264,38,1
264,51,5
264,7,5
264,80,1
264,82,1
264,11,4
264,46,5
264,110,5
264,43,5
264,10,2
264,58,5
264,37,5
264,102,5
264,25,5
264,22,5
264,70,4
264,5,5
264,117,1
264,84,1
265,38,4
265,89,4
265,49,3
265,114,4
265,13,2
265,80,1
265,88,2
265,45,5
265,62,5
265,10,3
265,113,4
265,56,1
265,94,1
265,24,5
265,17,3
265,4,2
265,3,3
265,92,5
265,75,5
265,30,4
265,8,2
266,69,1
266,82,4
266,39,1
266,63,5
266,68,5
266,106,5
266,103,1
266,57,5
266,2,5
266,4,2
266,43,1
266,7,4
266,109,3
266,100,2
266,92,4
266,5,2
266,51,3
266,15,3
266,27,1
266,83,2
266,85,5
266,66,3
266,58,1
266,86,5
266,115,5
266,19,1
266,74,3
266,29,1
266,9,2
266,110,2
266,18,1
266,62,5
266,114,2
266,111,5
266,60,5
266,79,1
266,104,5
266,31,4
266,16,5
266,1,1
267,80,5
267,6,3
267,115,3
267,39,3
267,105,1
267,101,4
267,12,4
267,58,2
267,78,1
267,21,5
267,106,2
267,75,1
267,8,1
267,104,1
267,13,5
267,14,1
267,63,4
267,76,3
267,102,3
267,28,2
268,102,3
268,25,2
268,54,4
268,43,3
268,103,3
268,106,4
268,94,3
268,86,4
268,51,2
268,41,3
268,15,3
268,87,2
268,73,4
268,69,3
268,17,3
268,107,2
268,101,2
269,97,5
269,5,1
269,75,5
269,22,1
269,42,5
269,8,1
269,15,3
269,35,5
269,18,4
269,96,3
269,53,3
269,21,4
269,89,5
269,47,5
269,70,3
269,56,1
269,31,3
269,118,1
269,74,1
269,17,5
269,12,3
270,108,2
270,80,5
270,78,3
270,48,5
270,99,4
270,20,2
270,2,5
270,112,4
270,62,5
270,10,5
270,0,1
270,109,1
270,22,3
270,11,4
270,90,2
270,83,1
270,75,1
270,36,4
270,53,4
270,88,1
270,98,3
270,60,5
270,100,1
270,16,3
270,26,2
270,18,1
270,81,5
270,34,3
270,66,4
270,57,5
270,52,5
270,30,3
270,107,5
270,117,5
270,4,5
270,76,5
270,23,1
270,63,5
270,86,5
270,106,5
271,105,5
271,100,5
271,38,1
271,44,2
271,53,4
271,0,4
271,71,5
271,30,3
271,24,1
271,15,1
271,67,5
271,12,1
271,79,3
271,46,1
271,97,5
271,69,5
271,64,4
271,28,4
271,59,3
271,98,2
271,80,1
271,84,1
271,26,1
271,35,5
271,6,3
271,111,5
271,14,5
271,19,1
271,87,2
271,60,3
271,63,5
271,22,5
271,20,5
271,85,1
271,5,1
272,82,1
272,46,2
272,36,3
272,26,1
272,55,2
272,32,4
272,42,2
272,78,1
272,103,1
272,113,3
272,97,5
272,58,4
272,5,2
272,13,5
272,94,5
272,6,5
273,68,1
273,22,5
273,20,5
273,100,4
273,3,3
273,62,2
273,65,3
273,14,5
273,9,4
273,30,5
273,92,3
273,56,2
273,75,1
273,74,5
273,41,1
273,53,2
273,25,4
273,95,5
273,86,1
273,105,4
273,29,3
273,112,5
273,116,3
273,99,5
273,12,4
273,110,4
273,52,1
273,103,2
273,48,3
273,28,5
273,111,3
273,60,1
273,106,2
273,114,1
273,6,3
273,55,4
273,18,2
273,27,4
273,78,1
273,58,5
273,118,5
273,49,5
273,47,2
273,17,1
274,92,1
274,24,2
274,80,1
274,45,5
274,34,3
274,25,3
274,42,4
274,16,5
274,4,5
274,88,1
274,72,5
274,7,2
274,35,5
274,17,2
274,14,5
274,59,3
274,58,5
274,53,3
274,21,5
274,97,5
274,43,5
274,28,4
274,37,4
274,77,5
274,20,5
274,81,1
274,78,5
274,101,2
274,73,4
275,109,5
275,29,4
275,11,5
275,52,3
275,119,4
275,66,5
275,62,2
275,110,4
275,27,3
275,75,5
275,60,1
275,107,5
275,59,5
275,35,5
275,1,5
275,93,5
275,54,4
275,94,4
275,31,2
275,101,1
275,41,5
275,55,5
275,74,1
275,28,3
275,112,4
275,19,1
275,73,4
275,0,5
275,53,4
275,5,2
275,90,3
275,115,1
276,98,1
276,64,5
276,4,1
276,54,5
276,67,2
276,50,5
276,61,5
276,103,5
276,102,5
276,89,5
276,105,2
276,12,5
276,57,1
276,63,4
276,30,4
276,10,5
276,71,5
276,96,5
276,1,2
276,88,1
276,93,1
276,52,3
276,27,4
276,16,1
276,45,5
276,37,5
276,109,1
276,82,5
276,11,5
276,2,5
276,113,5
276,85,5
276,39,1
276,20,2
276,58,2
276,73,1
276,74,2
276,3,5
277,59,5
277,98,1
277,17,5
277,111,5
277,90,1
277,51,1
277,23,1
277,101,1
277,116,1
277,47,5
277,80,4
277,119,1
277,115,3
277,81,5
277,0,3
277,109,5
277,9,3
277,49,5
277,88,4
277,42,5
277,67,5
277,4,5
277,37,2
277,54,5
277,34,5
277,89,5
277,78,3
277,69,3
277,73,4
278,26,5
278,100,3
278,87,4
278,10,3
278,79,3
278,112,4
278,42,1
278,94,5
278,7,5
278,65,4
278,86,5
278,46,5
278,6,5
278,14,3
278,49,5
278,108,3
278,59,5
278,115,5
278,5,4
278,104,4
278,118,1
278,22,1
278,82,4
278,71,3
278,90,4
278,8,2
278,96,5
278,95,1
278,119,1
278,17,5
278,113,5
278,30,5
278,69,3
278,106,4
278,83,5
278,61,5
278,74,5
278,91,5
278,28,5
278,41,5
279,114,2
279,34,1
279,64,2
279,87,2
279,54,5
279,35,1
279,6,5
279,8,1
279,47,5
279,44,3
279,57,1
279,62,5
279,117,4
279,67,4
279,15,3
279,60,5
279,90,1
279,68,3
279,86,5
279,102,5
279,37,1
279,109,5
279,79,5
279,111,3
279,101,1
279,88,1
280,113,1
280,8,3
280,24,5
280,114,3
280,119,4
280,58,4
280,11,4
280,10,4
280,50,5
280,22,5
280,36,4
280,9,5
280,13,4
280,21,5
280,35,3
280,14,5
280,89,4
280,18,3
280,63,3
280,19,5
280,26,2
280,66,3
280,80,1
280,2,3
280,37,1
280,53,1
280,87,5
280,69,4
280,16,5
280,60,5
280,44,3
280,94,1
280,56,2
280,82,1
280,96,5
280,95,5
280,117,2
280,118,5
280,85,1
280,29,5
281,66,5
281,82,4
281,42,5
281,52,2
281,74,1
281,43,5
281,83,5
281,118,3
281,100,5
281,41,4
281,62,3
281,75,2
281,85,2
281,89,3
281,67,4
281,70,3
281,56,4
281,58,5
281,38,4
281,72,4
281,16,3
281,39,5
281,21,5
281,33,4
281,29,4
281,61,4
281,47,5
281,36,5
281,6,4
281,18,5
281,45,5
281,92,1
281,102,5
281,97,5
281,79,5
281,20,5
281,68,1
281,88,2
281,23,5
281,22,5
281,19,5
282,30,4
282,14,5
282,5,4
282,40,1
282,73,5
282,16,5
282,56,2
282,33,4
282,47,3
282,23,2
282,26,2
282,71,1
282,90,1
282,4,4
282,85,1
282,44,1
282,18,1
282,57,3
282,69,1
282,20,5
283,38,2
283,15,4
283,117,1
283,3,2
283,51,1
283,63,2
283,98,1
283,18,5
283,58,5
283,40,1
283,19,4
283,0,5
283,94,1
283,69,5
283,64,5
283,42,4
283,82,2
283,90,5
283,37,5
283,60,1
283,101,1
283,96,1
283,73,1
283,85,1
283,112,4
283,72,5
283,93,1
283,56,1
283,43,5
283,88,3
283,14,5
283,61,1
284,5,4
284,17,3
284,86,4
284,70,1
284,14,2
284,39,4
284,3,5
284,51,1
284,79,1
284,107,4
284,28,5
284,57,3
284,45,1
284,11,5
284,41,5
284,7,1
284,77,4
284,82,5
284,24,1
284,74,1
284,67,3
284,109,1
284,35,5
284,25,4
284,2,3
284,10,1
284,68,3
284,108,5
284,117,5
284,85,3
284,106,4
284,65,2
284,50,1
284,101,2
284,62,1
284,40,1
284,103,1
284,83,1
284,88,3
284,104,3
284,46,4
284,87,1
284,18,5
285,109,5
285,54,4
285,47,5
285,49,5
285,117,2
285,1,5
285,36,5
285,44,4
285,112,5
285,39,2
285,57,2
285,71,3
285,11,1
285,27,3
285,93,1
285,56,1
285,94,1
285,53,1
285,104,2
285,113,5
285,20,1
285,105,2
285,118,3
285,98,2
285,102,5
285,17,4
285,75,3
285,76,5
285,107,3
285,18,2
285,26,5
285,38,4
285,60,5
285,67,3
285,42,1
285,8,1
285,96,5
286,48,3
286,11,5
286,0,5
286,52,4
286,81,4
286,34,5
286,53,2
286,22,3
286,71,5
286,59,5
286,90,5
286,72,5
286,96,5
286,17,5
286,25,4
286,23,5
286,119,5
286,37,5
286,70,4
286,62,5
286,5,4
286,38,5
286,74,2
286,98,1
286,63,5
286,111,5
286,110,5
286,28,2
286,3,2
286,117,5
286,19,5
286,33,4
286,107,2
286,115,2
286,86,5
286,60,4
286,15,5
286,36,5
286,113,5
287,62,1
287,116,1
287,88,2
287,82,1
287,31,1
287,3,1
287,15,1
287,97,5
287,35,5
287,63,5
287,8,2
287,76,5
287,95,5
287,46,1
287,74,1
287,61,1
287,72,4
287,55,5
287,111,5
287,33,5
288,87,3
288,60,1
288,88,3
288,104,1
288,15,5
288,47,4
288,65,5
288,93,2
288,73,2
288,2,2
288,108,3
288,33,3
288,20,5
288,74,2
288,7,5
288,18,5
288,40,4
288,59,5
288,117,4
288,17,3
288,45,4
288,107,4
288,6,5
288,34,2
288,46,4
288,53,2
288,81,1
288,99,3
288,97,4
288,37,5
288,90,5
288,67,3
288,112,5
288,9,5
288,113,3
289,98,5
289,80,1
289,23,5
289,97,5
289,12,4
289,76,4
289,96,3
289,21,3
289,69,3
289,41,3
289,111,4
289,40,1
289,105,5
289,108,3
289,87,5
289,102,1
289,38,1
289,34,3
289,89,1
289,88,4
289,46,5
290,68,1
290,74,2
290,45,1
290,105,5
290,18,5
290,1,2
290,17,5
290,66,5
290,36,2
290,47,4
290,99,2
290,62,2
290,52,3
290,43,1
290,117,4
290,116,1
290,20,4
290,13,1
291,19,4
291,64,2
291,28,4
291,106,3
291,24,1
291,101,4
291,114,2
291,71,2
291,78,1
291,88,1
291,67,2
291,108,2
291,68,1
291,91,3
291,70,2
291,89,2
291,96,3
291,102,5
291,14,5
291,53,3
291,58,5
292,9,2
292,14,2
292,104,5
292,16,4
292,2,5
292,61,1
292,44,4
292,39,1
292,88,1
292,46,2
292,17,3
292,117,5
292,56,2
292,76,1
292,66,1
292,97,4
292,43,5
292,22,1
292,90,1
292,38,5
292,3,4
292,95,1
292,15,1
292,28,5
292,116,5
292,111,3
292,18,1
292,94,2
292,29,5
292,112,1
292,98,1
292,26,1
292,89,5
292,10,5
292,54,5
292,118,5
292,119,1
292,115,5
292,114,5
292,55,1
292,5,2
292,25,1
292,13,4
292,4,3
293,84,1
293,65,5
293,75,5
293,7,5
293,60,1
293,15,5
293,32,3
293,5,3
293,8,3
293,38,2
293,85,1
293,1,5
293,96,3
293,12,4
293,100,5
293,114,1
293,77,2
293,26,3
293,117,1
293,25,5
293,23,5
293,109,5
293,44,1
293,3,2
293,11,4
293,18,5
293,35,3
293,74,4
293,97,5
293,45,5
293,20,5
293,64,3
293,78,4
293,30,3
293,88,4
293,72,5
293,111,4
293,106,2
293,92,5
293,108,3
294,27,4
294,91,4
294,24,5
294,36,1
294,21,5
294,96,5
294,68,5
294,0,1
294,92,3
294,12,5
294,119,1
294,64,5
294,90,1
294,60,5
294,46,5
294,89,3
294,75,1
294,23,2
294,56,2
294,86,5
294,13,3
294,102,3
294,45,3
294,48,5
294,54,3
294,109,1
294,65,1
294,29,5
294,52,1
294,14,5
294,40,1
295,59,2
295,14,5
295,66,1
295,17,1
295,63,1
295,97,2
295,46,5
295,90,5
295,36,2
295,71,1
295,92,1
295,5,5
295,10,3
295,41,2
295,49,1
295,58,3
295,76,1
295,94,1
296,87,2
296,107,5
296,56,3
296,28,4
296,70,1
296,52,1
296,37,2
296,109,1
296,54,1
296,24,1
296,112,2
296,8,4
296,118,4
296,102,4
296,60,3
296,86,2
296,47,5
296,22,5
296,1,1
296,104,1
296,62,4
296,100,2
296,13,1
296,50,2
297,66,3
297,84,5
297,86,4
297,10,5
297,15,1
297,18,5
297,50,5
297,51,1
297,88,1
297,75,5
297,13,2
297,94,1
297,21,5
297,8,2
297,46,1
297,25,3
297,43,5
297,104,1
297,76,3
297,112,1
297,115,1
297,29,5
297,54,3
297,92,1
297,63,4
297,35,5
297,91,5
297,74,1
297,110,5
298,96,4
298,101,5
298,102,1
298,82,4
298,51,4
298,45,5
298,60,1
298,85,2
298,77,3
298,115,1
298,62,2
298,65,5
298,35,5
298,18,5
298,98,5
298,58,4
298,13,1
298,15,5
298,32,5
298,109,3
298,63,1
298,29,5
298,80,2
299,17,3
299,3,2
299,12,5
299,94,1
299,6,5
299,106,5
299,8,3
299,63,5
299,86,3
299,118,1
299,22,5
299,48,4
299,77,3
299,111,5
299,41,3
299,19,4
299,38,3
299,79,5
299,102,5
299,117,1
299,97,5
299,9,5
299,84,2
299,96,4
299,66,4
299,112,5
299,59,3
299,25,4
299,37,5
299,99,5
299,116,3
299,62,5
299,64,5
299,33,4
299,69,5
299,43,5
299,85,1
299,83,5
299,2,3
299,4,5
299,55,3
299,15,3
299,49,4
299,57,1
299,40,1
